大会名,公式サイトURL,開催日,開催地,都道府県
第19回名張ひなち湖マラソン大会,http://www.asint.jp/~budoiki2/nabari-taiikukyokai/hinachi.html,2026.3.15(日),三重県名張市,三重県
四日市ランナーズトライアル,https://run-colle.net/event/yRT2026-03/,2026.3.15(日),三重県四日市市,三重県
四日市中央トラックタイムトライアルＴ３,https://run-colle.net/event/ycc2026-03/,2026.3.15(日),三重県四日市市,三重県
第10回いせランフェスタ ×第1回三重ランフェスタ,https://iserun.jp/mie/,2026.3.29(日),三重県伊勢市,三重県
2026龍王桜マラソン＆ウオーキング大会（33回）,https://www.info.city.tsu.mie.jp/kankou_bunka_sports/sports_shinkou/1004426/1010268/1010767.html,2026.4.12(日),三重県津市芸濃町,三重県
志摩ロードパーティハーフマラソン2026,https://shima.roadparty.jp/index.html,2026.4.19(日),三重県志摩市,三重県
第13回多度山トレイルラン,http://tadoyama-trail.jp/,2026.4.19(日),三重県桑名市,三重県
Komono Four Peaks Trail,https://www.komono-four-peaks-trail.com/,2026.5.24(日),三重県菰野町,三重県
JOYO五里五里RUN,https://www.joyo-taikyo.com/%E5%9F%8E%E9%99%BD%E3%83%9E%E3%83%A9%E3%82%BD%E3%83%B3,2026.3.8(日),京都府城陽市,京都府
第48回京都嵐山ハーフマラソン,https://kyotorunners.wixsite.com/kyotorunners/roadrace,2026.3.15(日),京都府京都市,京都府
鴨川エコマラソン2026早春スペシャル,https://www.ecomarathon.run/%E9%B4%A8%E5%B7%9D/,2026.3.21(土),京都府京都市,京都府
第4回あやべ水源の里トレイルラン,https://fun-trails.com/race/ayabe/,2026.4.5(日),京都府綾部市,京都府
天ヶ瀬100 トレイルランニングレース,https://go-trail.net/pages/%E5%A4%A9%E3%83%B6%E7%80%AC100,2026.4.11(土),京都府宇治市,京都府
第30回京都一周トレイルラン＜東山コース＞,https://www.actrep-sports.com/kyoto-higasiyama-trailrun/,2026.4.11(土),京都府京都市,京都府
第3回 大文字・比叡山 ケーブルトレイルラン2026,https://www.actrep-sports.com/hieicable-trailrun/,2026.4.11(土),京都府京都市,京都府
第15回京都わくわくランニングフェスタ”つなぐ”,https://runfaci.jp/%E3%82%A4%E3%83%99%E3%83%B3%E3%83%88/%E3%82%8F%E3%81%8F%E3%82%8F%E3%81%8F%E3%83%A9%E3%83%B3%E3%83%8B%E3%83%B3%E3%82%B0%E3%83%95%E3%82%A7%E3%82%B9%E3%82%BF/%E7%94%B3%E8%BE%BC%E3%81%BF%E3%82%B9%E3%82%BF%E3%83%BC%E3%83%88/,2026.4.12(日),京都府京都市,京都府
鴨川エコマラソン2026ＧＷスペシャル,https://www.ecomarathon.run/%E9%B4%A8%E5%B7%9D/,2026.4.29(水),京都府京都市,京都府
例幣使みち・京都～日光 570㎞ジャーニーラン2026,https://www.sportsentry.ne.jp/event/t/103504,2026.4.29(水),京都府京都市,京都府
第3回京都八幡エコマラソン,https://www.ecomarathon.run/%E9%96%A2%E8%A5%BF/%E5%85%AB%E5%B9%A1/,2026.5.6(水),京都府八幡市,京都府
第18回よさの大江山登山マラソン大会,https://www.town.yosano.lg.jp/culture/event/trailrun/,2026.5.31(日),京都府与謝野町,京都府
NORTH KYOTO 100 TRAIL RUNNING RACE,https://844962-2.myshopify.com/pages/north-kyoto-100,2026.7.11(土),京都府京都市,京都府
第10回 京都グランドトラバース2026,https://www.actrep-sports.com/kyoto-gt/,2026.9.12(土),京都府京都市,京都府
第31回 京都一周トレイルラン<北山コース>2026,https://www.actrep-sports.com/kyoto-kitayama/,2026.10.17(土),京都府京都市,京都府
さが桜マラソン2026,https://sagasakura-marathon.jp/,2026.3.22(日),佐賀県佐賀市,佐賀県
唐津鷹島ジョグトリップsince 2009,http://www.jogtrip.org/trip/index.php/view/455,2026.6.7(日),佐賀県唐津市,佐賀県
赤穂かきリレーマラソン2026,https://ako-oysterrelaymarathon.jimdosite.com/,2026.3.8(日),兵庫県赤穂市,兵庫県
Gアリナイトリレーマラソン,https://www.totteikobe.jp/news/article/20489,2026.3.11(水),兵庫県神戸市,兵庫県
第15回 六甲縦走トレイルラン2026,https://www.actrep-sports.com/rokko-trailrun/,2026.3.14(土),兵庫県神戸市,兵庫県
TAMBAシリーズ戦  第3戦 〜高山寺ラウンドトラバース〜,https://trailrun-tamba.com/series2026/kouzanji202603/,2026.3.14(土),兵庫県丹波市,兵庫県
第3回宝塚リレーマラソン,https://relaymarathon-jlsa.jimdofree.com/%E6%AD%A6%E5%BA%AB%E5%B7%9D%E6%B2%B3%E5%B7%9D%E5%85%AC%E5%9C%92/,2026.3.15(日),兵庫県宝塚市,兵庫県
第4回いなみ野ため池駅伝,https://kakoooike.jimdofree.com/,2026.3.15(日),兵庫県稲美町,兵庫県
第3回 南あわじ 夕空絶景マラソン,https://jiowsa-marathon.com/%E7%AC%AC%EF%BC%93%E5%9B%9E%E5%8D%97%E3%81%82%E3%82%8F%E3%81%98-%E5%A4%95%E7%A9%BA%E7%B5%B6%E6%99%AF%E3%83%9E%E3%83%A9%E3%82%BD%E3%83%B3/,2026.3.15(日),兵庫県南あわじ市,兵庫県
THE CHALLENGE RACE KOBE 1 in 2026,https://kobe-race.rdc-run.com/,2026.3.20(金),兵庫県神戸市,兵庫県
第14回 春のみなも路 加古川らんらんマラソン,http://runninghigh.jp/minamo/,2026.3.20(金),兵庫県加古川市,兵庫県
第1回ランタメトライアルin宝塚,https://moshicom.com/139351,2026.3.20(金),兵庫県宝塚市,兵庫県
第3回武庫川春風駅伝大会,https://mukogawa-sc.lolipop.jp/index.php?%E6%98%A5%E9%A2%A8%E9%A7%85%E4%BC%9D,2026.3.22(日),兵庫県西宮市,兵庫県
第1回HAT神戸パークあおぞら駅伝大会,https://aozorarun.com/lp/260329knp/,2026.3.29(日),兵庫県神戸市,兵庫県
淡路夢舞台リレーマラソン2026,https://www.ts-agency.net/awajiyumebutai-relay/,2026.4.5(日),兵庫県淡路市,兵庫県
第23回 中山連山・北摂大峰山TRAINIC STAGE,https://www.jls-association.com/%E3%82%B9%E3%83%9D%E3%83%BC%E3%83%84%E3%82%A4%E3%83%99%E3%83%B3%E3%83%88/%E3%83%88%E3%83%AC%E3%82%A4%E3%83%AB%E3%83%A9%E3%83%B3%E3%83%8B%E3%83%B3%E3%82%B0/%E4%B8%AD%E5%B1%B1%E9%80%A3%E5%B1%B1-%E5%8C%97%E6%91%82%E5%A4%A7%E5%B3%B0%E5%B1%B1-trainic-stage/,2026.4.5(日),兵庫県宝塚市,兵庫県
2026芦屋さくらファンラン,https://www.sanspo-marathon.com/entry/3412/,2026.4.12(日),兵庫県芦屋市,兵庫県
ア・モ～レ明石！大蔵海岸リレーマラソン2026,https://info663681.wixsite.com/ookurakaigan-run,2026.4.12(日),兵庫県明石市,兵庫県
第74回 兵庫リレーカーニバル,https://hyogorc-timetrial.net/,2026.4.18(土),兵庫県神戸市,兵庫県
第19回宍粟市さつきマラソン大会,https://www.shiso-sports.jp/,2026.4.19(日),兵庫県宍粟市,兵庫県
第30回赤穂ウルトラマラソン大会,https://htj.gr.jp/summary/ako_ultra,2026.4.19(日),兵庫県赤穂市,兵庫県
兵庫波賀トレイル DOUBLE ATTACK 春,https://runninghigh.jp/haga_ex/,2026.4.29(水),兵庫県宍粟市波賀町,兵庫県
第34回武庫川ユリカモメウルトラ70kmマラソン,https://mukogawa-sc.lolipop.jp/index_qhm.php?%E3%82%A6%E3%83%AB%E3%83%88%E3%83%A970Km%E5%A4%A7%E4%BC%9A%E8%A6%81%E9%A0%85,2026.5.3(日),兵庫県西宮市,兵庫県
第39回麒麟獅子マラソン大会,https://xn--3ck5c7a3b1589amb4a8l4d8ca.jp/,2026.5.24(日),兵庫県新温泉町,兵庫県
第15回 三木総合防災公園クロスカントリー大会,https://htj.gr.jp/summary/miki_crosscountry,2026.5.24(日),兵庫県三木市,兵庫県
第10回いながわ里山猪道（ししみち）トレイルラン,https://inagawa-trail.jimdofree.com/,2026.5.24(日),兵庫県猪名川町,兵庫県
TAMBA100アドベンチャートレイル2026,https://trailrun-tamba.com/,2026.5.29(金),兵庫県丹波市,兵庫県
第13回 LOVE 島ラン！淡路島たまねぎリレーマラソン2026 inサンライズ淡路,https://info663681.wixsite.com/love-sima,2026.5.31(日),兵庫県南あわじ市,兵庫県
第39回たたらぎダム湖マラソン大会,http://www.e-marathon.jp/tataragi/,2026.6.7(日),兵庫県朝来市,兵庫県
第16回 トレイルランニングin山の里,https://runninghigh.jp/yamanosato/,2026.6.7(日),兵庫県上郡町,兵庫県
第32回みかた残酷マラソン全国大会,https://mikatazankoku.com/,2026.6.14(日),兵庫県香美町,兵庫県
第11回Mt.六甲トレイルランサマーピクニック,https://www.actrep-sports.com/mt-rokko-picnic/,2026.8.11(火),兵庫県神戸市,兵庫県
第15回 世界ジオパークトレラン＆クロカン（神鍋高原）,https://www.actrep-sports.com/geopark-kannabe/,2026.8.16(日),兵庫県豊岡市,兵庫県
【開催中止】さようマラソン,https://sayo-m.com/,2026.12.7(月),兵庫県佐用町,兵庫県
第47回白糠町ロードレース大会,https://shiranukarikkyo.webnode.jp/,2026.3.22(日),北海道白糠町,北海道
苫小牧チャレンジマラソン2026,http://www.kamakurun.jp/tochigiken-getsurei,2026.4.5(日),北海道苫小牧市,北海道
第39回春一番伊達ハーフマラソン,http://datehalfmarathon.jp/,2026.4.19(日),北海道伊達市,北海道
2026大沼enjoyリレーマラソン～第73回大沼湖畔駅伝競走大会～,https://www.town.nanae.hokkaido.jp/education/detail/00014686.html,2026.4.29(水),北海道七飯町,北海道
第1回 ぴあ さっぽろ豊平川ハーフマラソン2026,https://pia-running.jp/toyohiragawa/,2026.5.3(日),北海道札幌市,北海道
第9回 春のさわやかマラソン,https://ameblo.jp/npo-h-lspa/entry-12956268565.html,2026.5.5(火),北海道札幌市,北海道
第74回なよろ憲法記念ハーフマラソン,http://www.city.nayoro.lg.jp/section/sportscamp/prkeql000002u5bp.html,2026.5.9(土),北海道名寄市,北海道
ノーザンホースパーク駅伝2026,https://www.nhp-marathon.com/ekiden/,2026.5.16(土),北海道苫小牧市,北海道
ANA洞爺湖マラソン2026,https://www.toyako-marathon.jp/,2026.5.17(日),北海道洞爺湖町,北海道
ノーザンホースパークマラソン2026,https://www.nhp-marathon.com/outline/,2026.5.17(日),北海道苫小牧市,北海道
札幌あおぞらマラソン2026 スプリング大会,https://aozorarun.com/lp/20260524sm-s/,2026.5.24(日),北海道札幌市,北海道
カムイの杜トレイルラン2026,https://kamusi26.trailscene.net/,2026.5.24(日),北海道旭川市,北海道
第24回利尻島一周悠遊覧人G,https://www.town.rishirifuji.hokkaido.jp/rishirifuji/1130.htm,2026.6.7(日),北海道利尻富士町,北海道
【開催中止】第46回千歳JAL国際マラソン,https://chitose-jal-marathon.jp/,2026.6.7(日),北海道千歳市,北海道
丘のまちびえいヘルシーマラソン2026,https://www.biei-healthymarathon.jp/,2026.6.14(日),北海道美瑛町,北海道
マムートCUPサッポロ・テイネトレイル2026,https://www.fields-co.jp/teine/,2026.6.14(日),北海道札幌市,北海道
第38回おたる運河ロードレース大会,https://www.city.otaru.lg.jp/docs/2025111200024/,2026.6.21(日),北海道小樽市,北海道
第41回サロマ湖100kmウルトラマラソン,https://saromanblue.jp/,2026.6.28(日),北海道湧別町、佐呂間町、北見市,北海道
2026函館マラソン2026 Hakodate Marathon,https://hakodate-marathon.jp/,2026.6.28(日),北海道函館市,北海道
Fビレッジハーフマラソン 2026,https://kitahiro-f-marathon.jp/,2026.7.5(日),北海道北広島市,北海道
北海道チャレンジマラソン2026,https://www.pref.hokkaido.lg.jp/,2026.7.19(日),北海道札幌市,北海道
第10回 富良野トレイルラン2026,https://www.actrep-sports.com/hurano-trailrun/,2026.9.27(日),北海道富良野市,北海道
2026稲毛海浜公園スプリングマラソン,https://up-run.jp/events/mate-inage-2026/,2026.3.7(土),千葉県千葉市,千葉県
ならしのスマイルラン2026,http://www.obicseagulls-narashino-sc.or.jp/smile,2026.3.8(日),千葉県習志野市,千葉県
第10回記念大会 南房総100km・75kmみちくさウルトラマラソン,https://michikusa-ultra.com/event/10th_minamibouso.html,2026.3.14(土),千葉県勝浦市,千葉県
第11回 柏の葉 春らんRunマラソンwithクールノット,https://gsrun.jp/kashiwanoha-haru/,2026.3.20(金),千葉県柏市,千葉県
第13回 おんじゅくオーシャントレイル,https://www.fields-co.jp/onjuku/,2026.3.21(土),千葉県御宿町,千葉県
第86回UPRUN市川江戸川ハーフマラソン,https://up-run.jp/events/up-ichikawa86/,2026.3.28(土),千葉県市川市,千葉県
第43回佐倉マラソン大会,https://sakuramarathon.jp/,2026.3.29(日),千葉県佐倉市,千葉県
第8回 東京湾アクアライン夕空絶景マラソン大会,https://jiowsa-marathon.com/%E7%AC%AC%EF%BC%98%E5%9B%9E-%E6%9D%B1%E4%BA%AC%E6%B9%BE%E3%82%A2%E3%82%AF%E3%82%A2%E3%83%A9%E3%82%A4%E3%83%B3-%E5%A4%95%E7%A9%BA%E7%B5%B6%E6%99%AF%E3%83%9E%E3%83%A9%E3%82%BD%E3%83%B3%E5%A4%A7%E4%BC%9A/,2026.4.5(日),千葉県袖ヶ浦市,千葉県
第67回スポーツメイトラン松戸江戸川河川敷マラソン,https://up-run.jp/events/mate-matudo67/,2026.4.5(日),千葉県松戸市,千葉県
第87回UPRUN市川江戸川ハーフマラソン,https://up-run.jp/events/up-ichikawa87/,2026.4.11(土),千葉県市川市,千葉県
OTAKI SENGOKU EXTREMES 2026,https://www.murb-ex.kickas.jp/top,2026.4.12(日),千葉県大多喜町,千葉県
君津ウルトラマラソン2026,https://kimitsu-iron.jp/,2026.5.9(土),千葉県君津市,千葉県
第88回UPRUN市川江戸川ハーフマラソン,https://up-run.jp/events/up-ichikawa88/,2026.5.10(日),千葉県市川市,千葉県
第5回神崎発酵マラソン,https://kozaki-marathon.jp/,2026.5.17(日),千葉県神崎町,千葉県
第68回スポーツメイトラン松戸江戸川河川敷マラソン,https://up-run.jp/events/mate-matudo68/,2026.5.23(土),千葉県松戸市,千葉県
第14回稲毛花のマラソン,https://earthrunclub.net/competition/20260524_inage_hana_14/,2026.5.24(日),千葉県千葉市,千葉県
第24回千葉・青葉の森リレーマラソン,https://njsf-chiba.perma.jp/relaymarathon2026.html,2026.5.24(日),千葉県千葉市,千葉県
第43回富里スイカロードレース,http://www.tomisato-suikaroad.jp/,2026.6.14(日),千葉県富里市,千葉県
第8回 南房総夕空絶景マラソン大会,https://openwater.jp/2026raceplan/,2026.6.20(土),千葉県南房総市,千葉県
ちばアクアラインマラソン2026,https://chiba-aqualine-marathon.com/,2026.11.8(日),千葉県木更津市,千葉県
第20回岩出マラソン大会,https://www.iwade-marathon.jp/,2026.3.8(日),和歌山県岩出市,和歌山県
きのくに美山マラソン2026,https://www.facebook.com/kinokunimiyamamarathon/,2026.3.29(日),和歌山県日高川町,和歌山県
第18回 紀の川市桃源郷ハーフマラソン,https://www.city.kinokawa.lg.jp/045/2023-1222-1201-59.html,2026.4.5(日),和歌山県紀の川市,和歌山県
第26回奥熊野いだ天ウルトラマラソン,https://okukumano.com/,2026.4.19(日),和歌山県那智勝浦町,和歌山県
第12回和歌山YMCA インターナショナル・チャリティーラン,https://www.wakayamaymca.org/charityrun/,2026.5.10(日),和歌山県和歌山市,和歌山県
第44回鴻巣パンジーマラソン,https://www.konosupansymarathon.com/,2026.3.7(土),埼玉県鴻巣市,埼玉県
第43回藍のまち羽生さわやかマラソン大会,https://hanyu-marathon.jp/,2026.3.8(日),埼玉県羽生市,埼玉県
第13回草加松原太鼓橋ロードレース,http://www.sokafusasaramarathon.jp/,2026.3.8(日),埼玉県草加市,埼玉県
第44回和光市民ロードレースフェスティバル,https://www.city.wako.lg.jp/kurashi/sports/1005303/1012800.html,2026.3.8(日),埼玉県和光市,埼玉県
第50回記念日高かわせみマラソン大会,https://www.city.hidaka.lg.jp/soshiki/kyoiku/shogaigakushu/shiminsupotsu/supotsu/2791.html,2026.3.8(日),埼玉県日高市,埼玉県
第13回 加須ふじの里駅伝大会,https://www.city.kazo.lg.jp/soshiki/sports/event/28282.html,2026.3.8(日),埼玉県加須市,埼玉県
第16回 小江戸大江戸200k,https://trainic-world.org/coedo-oedo/,2026.3.14(土),埼玉県川越市,埼玉県
第14回 荒川リバーサイドジャーニーラン,https://sportsaid-japan.org/,2026.3.14(土),埼玉県鴻巣市,埼玉県
第39回彩の森クロスカントリー大会,https://www.city.iruma.saitama.jp/soshiki/sportssuishinka/event/235/916.html,2026.3.15(日),埼玉県入間市,埼玉県
テレ玉親子ふれあいマラソン大会,https://www.teletama.jp/sports/oyakofureai/,2026.3.20(金),埼玉県さいたま市,埼玉県
第11回よろこびのまち久喜マラソン,https://www.kuki-marathon.com/,2026.3.22(日),埼玉県久喜市,埼玉県
第36回熊谷さくらマラソン大会,https://kumagaya-marathon.com/,2026.3.22(日),埼玉県熊谷市,埼玉県
第10回浦和競馬場ダートリレーマラソン,https://shining-foundation.wixsite.com/urawakeiba,2026.3.28(土),埼玉県さいたま市,埼玉県
第29回 吉川なまずの里マラソン,"https://www.city.yoshikawa.saitama.jp/index.cfm/26,0,143,772,html",2026.3.29(日),埼玉県吉川市,埼玉県
第33回幸手市さくらマラソン,https://www.city.satte.lg.jp/soshiki/shakaikyouiku/1/1_1/14130.html,2026.3.29(日),埼玉県幸手市,埼玉県
第32回上里町乾武マラソン,https://kamisatokenmu-marathon.jp/,2026.3.29(日),埼玉県上里町,埼玉県
第40回行田市鉄剣マラソン大会,http://tekken-marathon.jp/,2026.4.5(日),埼玉県行田市,埼玉県
第28回本庄こだま千本桜マラソン大会,https://www.web-marathon.net/honjomarathon/,2026.4.5(日),埼玉県本庄市,埼玉県
第21回戸田・彩湖フルマラソン＆ウルトラマラソ,https://www.sportsentry.ne.jp/event/t/98513,2026.4.11(土),埼玉県戸田市,埼玉県
【開催中止】2026 花の長瀞・お宝登山 米担ぎトレイルレース,,2026.4.11(土),埼玉県長瀞町,埼玉県
第1回 北武蔵Giant’s Gate,https://npo-sup.org/blog/news/kitamusashi_trail_vol01_entry/,2026.4.18(土),埼玉県長瀞町,埼玉県
第15回奥武蔵もろやまトレイルラン,http://sportsaid-japan.org/,2026.4.19(日),埼玉県毛呂山町,埼玉県
第38回春日部大凧マラソン大会,https://odako-marathon.jp/,2026.5.4(月),埼玉県春日部市,埼玉県
第47回奥武蔵もろやま仰天マラソン,https://www.sportsentry.ne.jp/event/t/103469,2026.5.10(日),埼玉県毛呂山町,埼玉県
第5回FunTrails Round みなの50K/30K,http://fun-trails.com/race/minano/,2026.5.10(日),埼玉県皆野町,埼玉県
第11回トレニックワールド100mile & 100km in 彩の国,https://trainic-world.org/sainokuni/,2026.5.16(土),埼玉県越生町,埼玉県
第15回飯能ベアフットマラソン,https://hadashirunning.jp/event/2026/5/202605-4423.php,2026.5.17(日),埼玉県飯能市,埼玉県
第4回 奥武蔵ロングトレイルレース,https://okumusashi105k-race.com/,2026.5.30(土),埼玉県飯能市,埼玉県
第67回秩父宮記念ミューズの森チャレンジロードレース大会,https://www.city.chichibu.lg.jp/,2026.6.14(日),埼玉県秩父市,埼玉県
第4回 Around Toki River,https://npo-sup.org/blog/event/atr_vol04/,2026.6.14(日),埼玉県越生町,埼玉県
第14回日本百名山・両神山麓トレイルラン,http://sportsaid-japan.org/,2026.6.21(日),埼玉県小鹿野町,埼玉県
第34回いんない石橋マラソン大会,https://i-sam.co.jp/15innai/,2026.3.15(日),大分県宇佐市院内町,大分県
第27回天領日田ひなまつり健康マラソン,https://local-gain.com/hita-hinamatsuri-marathon/,2026.3.15(日),大分県日田市,大分県
第67回三重町さくらロードレース大会,https://www.kokokara-plus.jp/news-chuo/1254.html,2026.3.15(日),大分県豊後大野市,大分県
ゆふいんＳＰＡ健康リレーマラソン2026（第34回ゆふいんSPA健康マラソン大会）,https://www.i-sam.co.jp/yufuin-bonchi/,2026.3.15(日),大分県由布市,大分県
第50回臼杵市さくらマラソン大会,https://usukishisakura-m.jp/,2026.3.22(日),大分県臼杵市,大分県
第6回のつはる湖山桜マラソン,https://nspo-oita.com/yamazakura/,2026.3.22(日),大分県大分市,大分県
【登山道崩落のため中止】令和8年度べっぷ鶴見岳一気登山大会,http://beppu-event.jp/ikkitozan/,2026.4.11(土),大分県別府市,大分県
さくらファンラン・ハーフマラソンinクラサスドーム大分2026,https://sakura-funrun.runlab.online/,2026.4.12(日),大分県大分市,大分県
第36回佐伯番匠健康マラソン,https://saikishi-marathon-kyoukai.com/saikibanjo/index.html,2026.4.26(日),大分県佐伯市,大分県
第36回八面山平和マラソン大会,https://www.city-nakatsu.jp/doc/2026020500014/,2026.4.26(日),大分県中津市,大分県
山香10マイルロードレース2026（旧山香エビネマラソン）,https://www.city.kitsuki.lg.jp/soshiki/7/bunka/sports/taikai_gyoji/12159.html,2026.5.4(月),大分県杵築市,大分県
5時間耐久リレーマラソンinクラサスドーム大分2026,https://5hours-taikyuu.runlab.online/,2026.5.5(火),大分県大分市,大分県
第43回 仏の里・昭和の町 豊後高田ふれあいマラソン大会,https://www.city.bungotakada.oita.jp/soshiki/29/29988.html,2026.5.17(日),大分県豊後高田市,大分県
第5回長居公園リレーマラソン,https://relaymarathon-jlsa.jimdofree.com/%E9%95%B7%E5%B1%85%E5%85%AC%E5%9C%92/,2026.3.7(土),大阪府大阪市,大阪府
THE CHALLENGE RACE OSAKA 4,https://osaka-race.rdc-run.com/,2026.3.7(土),大阪府大阪市,大阪府
第21回大阪淀川マラソン,https://sportsone.jp/running/osaka-half/,2026.3.8(日),大阪府大阪市,大阪府
2026 柏原シティキャンパスマラソン,https://www.city.kashiwara.lg.jp/docs/2025090100025/,2026.3.8(日),大阪府柏原市,大阪府
第18回 大阪鶴見緑地 あおぞらマラソン,https://aozorarun.com/lp/260308_ot/,2026.3.8(日),大阪府大阪市,大阪府
第27回高槻クロスカントリー大会,https://www.city.takatsuki.osaka.jp/soshiki/61/106731.html,2026.3.8(日),大阪府高槻市,大阪府
第12回 コ・ス・パ3時間耐久リレーマラソン,https://www.cospa-wellness.co.jp/corp/information/detail.html?id=22043,2026.3.14(土),大阪府大阪市,大阪府
第22回大阪淀川マラソン,https://runnet.jp/entry/runtes/user/pc/moshicomDetailAction.do?raceId=127589&div=1,2026.3.15(日),大阪府大阪市,大阪府
第2回大阪淀川リレーマラソン,https://sportsone.jp/running/srt/stocks/2026/srt20260315_137385.html,2026.3.15(日),大阪府大阪市,大阪府
第3回 宝塚リレーマラソン,https://relaymarathon-jlsa.jimdofree.com/%E6%AD%A6%E5%BA%AB%E5%B7%9D%E6%B2%B3%E5%B7%9D%E5%85%AC%E5%9C%92/,2026.3.15(日),大阪府宝塚市,大阪府
淀川エコマラソン2026早春スペシャル,https://www.ecomarathon.run/%E6%B7%80%E5%B7%9D/,2026.3.20(金),大阪府大阪市,大阪府
第1回八尾シティリレーマラソン,https://relaymarathon-jlsa.jimdofree.com/%E4%B9%85%E5%AE%9D%E5%AF%BA%E7%B7%91%E5%9C%B0/,2026.3.20(金),大阪府大阪市,大阪府
第40回 長居公園ハーフマラソン,https://sportsone.jp/running/nagai/,2026.3.21(土),大阪府大阪市,大阪府
淀川マラソン＆ウォーク 2026,https://www.sanspo-marathon.com/entry/2953/,2026.3.22(日),大阪府大阪市,大阪府
第16回枚方エコマラソン,https://www.ecomarathon.run/%E9%96%A2%E8%A5%BF/%E6%9E%9A%E6%96%B9/,2026.3.22(日),大阪府枚方市,大阪府
第27回 長居公園ふれあいマラソン,https://www.jls-association.com/%E3%82%B9%E3%83%9D%E3%83%BC%E3%83%84%E3%82%A4%E3%83%99%E3%83%B3%E3%83%88/%E3%83%9E%E3%83%A9%E3%82%BD%E3%83%B3/%E9%95%B7%E5%B1%85%E5%85%AC%E5%9C%92%E3%81%B5%E3%82%8C%E3%81%82%E3%81%84%E3%83%9E%E3%83%A9%E3%82%BD%E3%83%B3/,2026.3.28(土),大阪府大阪市,大阪府
第1回 神君伊賀越えの道160kmジャーニーラン,https://sportsaid-japan.org/,2026.3.28(土),大阪府堺市,大阪府
なにわ淀川マラソン2026,https://sportsone.jp/naniwa/,2026.3.28(土),大阪府大阪市,大阪府
なにわ淀川マラソン2026,https://sportsone.jp/naniwa/,2026.3.29(日),大阪府大阪市,大阪府
第4回ひがよどワールドマラソン,https://higayodoworldmarathon.com/,2026.4.5(日),大阪府大阪市,大阪府
IKOMA Nature Trail 2026(45ｋｍ),https://soratrail.wixsite.com/ikoma2026,2026.4.5(日),大阪府枚方市,大阪府
第41回 大阪淀川チャレンジマラソン,http://www.sportsone.jp/running/osaka-challenge/,2026.4.11(土),大阪府守口市,大阪府
第5回淀川リレーマラソン,https://www.sportsentry.ne.jp/event/t/103907,2026.4.18(土),大阪府大阪市,大阪府
第17回 水都大阪100kmウルトラマラニック,https://info871433.wixsite.com/osakaultra,2026.4.19(日),大阪府大阪市,大阪府
第9回 リバーサイドマラソン大和川大会,https://riverside-marathon.jimdofree.com/%E5%A4%A7%E5%92%8C%E5%B7%9D%E5%A4%A7%E4%BC%9A/,2026.4.26(日),大阪府大阪市,大阪府
第42回 大阪淀川チャレンジマラソン,http://www.sportsone.jp/running/osaka-challenge/,2026.4.26(日),大阪府守口市,大阪府
第10回 ランタメトライアル,https://moshicom.com/140409,2026.4.26(日),大阪府大阪市,大阪府
2026堺シティマラソン,https://sakaicitymarathon.com/,2026.4.29(水),大阪府堺市,大阪府
淀川エコマラソンン2026ＧＷスペシャル,https://www.ecomarathon.run/%E6%B7%80%E5%B7%9D/,2026.5.3(日),大阪府枚方市,大阪府
第18回富田林エコマラソン,https://www.ecomarathon.run/%E5%AF%8C%E7%94%B0%E6%9E%97/,2026.5.4(月),大阪府富田林市,大阪府
第17回枚方エコマラソン,https://www.ecomarathon.run/%E9%96%A2%E8%A5%BF/%E6%9E%9A%E6%96%B9/,2026.5.5(火),大阪府枚方市,大阪府
第43回 大阪淀川チャレンジマラソン,http://www.sportsone.jp/running/osaka-challenge/,2026.5.16(土),大阪府守口市,大阪府
企業対抗駅伝2026大阪大会,https://sportsone.jp/ed/,2026.5.17(日),大阪府大阪市,大阪府
第9回能勢妙見山パワートレイルラン2026,https://www.actrep-sports.com/nose-trailrun/,2026.5.23(土),大阪府能勢町,大阪府
第15回リバーサイドマラソン淀川大会,https://riverside-marathon.jimdofree.com/%E6%B7%80%E5%B7%9D%E5%A4%A7%E4%BC%9A-%E4%B8%8A%E6%B5%81%E3%82%B3%E3%83%BC%E3%82%B9/,2026.5.24(日),大阪府大阪市,大阪府
第15回大阪せんなん夕空絶景マラソン,https://jiowsa-marathon.com/%E5%A4%95%E7%A9%BA%E7%B5%B6%E6%99%AF%E3%83%9E%E3%83%A9%E3%82%BD%E3%83%B3%E3%82%B7%E3%83%AA%E3%83%BC%E3%82%BA%EF%BC%92%EF%BC%90%EF%BC%92%EF%BC%96/,2026.5.30(土),大阪府泉南市,大阪府
第44回 大阪淀川チャレンジマラソン,http://www.sportsone.jp/running/osaka-challenge/,2026.5.31(日),大阪府守口市,大阪府
第19回 大阪鶴見緑地 あおぞらマラソン,https://aozorarun.com/lp/260607_ot/,2026.6.7(日),大阪府大阪市,大阪府
第16回リバーサイドマラソン淀川大会,https://runnet.jp/entry/runtes/user/pc/moshicomDetailAction.do?raceId=127340&div=1,2026.6.14(日),大阪府大阪市,大阪府
森永製菓inゼリー presents RUNNETリレーカーニバル OSAKA,https://runnet-relay.jp/,2026.6.14(日),大阪府大阪市,大阪府
第6回淀川リレーマラソン,https://relaymarathon-jlsa.jimdofree.com/%E6%B7%80%E5%B7%9D%E6%B2%B3%E5%B7%9D%E5%85%AC%E5%9C%92/,2026.7.18(土),大阪府大阪市,大阪府
第24回生駒トレイルラン＜夏山＞,https://www.actrep-sports.com/ikoma-natsuyama/,2026.7.25(土),大阪府交野市,大阪府
第6回淀川モーニングマラソン,https://www.jls-association.com/%E3%82%B9%E3%83%9D%E3%83%BC%E3%83%84%E3%82%A4%E3%83%99%E3%83%B3%E3%83%88/%E3%83%9E%E3%83%A9%E3%82%BD%E3%83%B3/%E6%B7%80%E5%B7%9D%E3%83%A2%E3%83%BC%E3%83%8B%E3%83%B3%E3%82%B0%E3%83%9E%E3%83%A9%E3%82%BD%E3%83%B3/,2026.7.26(日),大阪府大阪市,大阪府
第4回いなり山マイル競走(イナリヤマイル),https://moshicom.com/140291,2026.8.30(日),大阪府豊中市,大阪府
第10回 リバーサイドマラソン大和川大会,https://riverside-marathon.jimdofree.com/%E5%A4%A7%E5%92%8C%E5%B7%9D%E5%A4%A7%E4%BC%9A/,2026.11.29(日),大阪府大阪市,大阪府
第5回八尾シティマラソン,https://yaocitymarathon.jimdofree.com/,2026.12.19(土),大阪府八尾市,大阪府
飛鳥ハーフマラソン2026,https://asuka-marathon.jp/,2026.3.8(日),奈良県明日香村,奈良県
第19回宇陀シティマラソン,https://www.city.uda.lg.jp/soshiki/40/14026.html,2026.3.8(日),奈良県宇陀市,奈良県
トレイルランナーズカップ奈良2026,https://trailrunners.jp/event/nara-2026/,2026.3.8(日),奈良県奈良市,奈良県
第18回大和ふれあいリレーマラソン,https://www.city.yamatokoriyama.lg.jp/soshiki/sportssuishinka/sports/5/17209.html,2026.3.22(日),奈良県大和郡山市,奈良県
第52回大阪府チャレンジ登山〈チャレンジダイトレ〉,https://sangaku-osaka.com/information/14317/,2026.4.12(日),奈良県葛城市,奈良県
第2回 グランドダイヤモンドトレイルラン2025,https://www.actrep-sports.com/diamond-gt/,2026.4.25(土),奈良県葛城市,奈良県
第1回 世界遺産 参詣道ファイナル315km,https://moshicom.com/126657/,2026.4.30(木),奈良県宇陀市,奈良県
Kobo Trail 2026 ～弘法大師の道～,https://kobodaishinomichi.jp/kobotrail/,2026.5.16(土),奈良県吉野町、高野町,奈良県
第1回奈良ウルトラマラソン,https://www.r-wellness.com/nara/,2026.5.31(日),奈良県橿原市,奈良県
第15回ダイヤモンドトレイルラン チャンピオンシップ2026,https://www.actrep-sports.com/diamond-trailrun/,2026.11.7(土),奈良県葛城市,奈良県
第2回女川100TRAILS,https://onagawa-100trails-running.com/,2026.3.6(金),宮城県女川町,宮城県
第9回いしのまき復興マラソン,https://ishinomaki-marathon.jp/,2026.3.15(日),宮城県石巻市,宮城県
HASHIRU タイムトライアル2026,https://npo-hashiru.org/event/timetrial2025/,2026.3.15(日),宮城県仙台市,宮城県
第4回 いわぬま激坂最登王決定戦,https://moshicom.com/137445,2026.3.15(日),宮城県岩沼市,宮城県
第1回みちのく春風リレーマラソン,https://www.michinoku-harukazerun.com/,2026.3.20(金),宮城県川崎町,宮城県
第5回みやぎふぁんマラソン（旧ランナーズハイふぁんマラソン大会）,https://www.runhigh1012.com/2025-%E3%81%B5%E3%81%81%E3%82%93%E3%83%9E%E3%83%A9%E3%82%BD%E3%83%B3%E5%A4%A7%E4%BC%9A/,2026.3.29(日),宮城県川崎町,宮城県
第8回 石巻登山マラソン,https://ishinomakitozanmarathon.apage.jp/,2026.3.29(日),宮城県石巻市,宮城県
第42回河北新報気仙沼つばきマラソン,https://www.marathoninfo.net/kesennuma/,2026.4.5(日),宮城県気仙沼市,宮城県
東北風土マラソン2026Tohoku Food Marathon 2026,http://tohokumarathon.com/,2026.4.19(日),宮城県登米市,宮城県
仙台国際ハーフマラソン2026,http://www.sendaihalf.com/,2026.5.10(日),宮城県仙台市,宮城県
【2026年度春の大会は開催見合わせ】台原森林公園新緑マラソン,https://sendainoharashinrin.jimdofree.com/,2026.5.16(土),宮城県仙台市,宮城県
第9回みやぎ・名取シーサイドマラソンwithクールノット-震災復興チャリティ-,https://gsrun.jp/natori/,2026.6.20(土),宮城県名取市,宮城県
第10回こばやし霧島連山絶景マラソン大会,http://taikai.in/kobayashi-marathon/,2026.3.8(日),宮崎県小林市,宮崎県
第52回舞鶴ロードレース大会,https://universal-field.com/event/maizururoadrace/,2026.3.8(日),宮崎県高鍋町,宮崎県
第3回Takachiho Peaks ～つながるトレイル～,https://universal-field.com/event/takachiho-peaks/,2026.3.14(土),宮崎県高千穂町,宮崎県
第21回 西都原このはなマラソン大会,https://www.city.saito.lg.jp/kanko_bunka/post_1937.html,2026.3.15(日),宮崎県西都市,宮崎県
第28回 北浦さくらマラソン大会,http://i-sam.co.jp/kitaura/,2026.3.15(日),宮崎県延岡市,宮崎県
第16回都城さくらマラソン,https://miyakonjo-marathon.jp/,2026.3.22(日),宮崎県都城市,宮崎県
第11回 延岡リレーマラソン 2025 IN 須美江家族旅行村,https://mrt.jp/event/contents/hyrm2025/,2026.3.28(土),宮崎県延岡市,宮崎県
第38回えびの京町温泉マラソン,https://ebino-marathon.com/,2026.4.19(日),宮崎県えびの市,宮崎県
第41回 2026宮崎シーガイアジョギング・ユニファイド大会,https://i-sam.co.jp/miyazaki-seagaia-jogging/,2026.4.19(日),宮崎県宮崎市,宮崎県
第23回諸塚クロスカントリー大会,https://universal-field.com/event/morotsuka-country/,2026.4.19(日),宮崎県諸塚村,宮崎県
第13回 宮崎鏡洲の森トレイル,https://universal-field.com/event/kagamizu-forest-trail/,2026.5.17(日),宮崎県宮崎市,宮崎県
霧島酒造リレーマラソン2026,https://taikai.in/kirishimashuzo-relaymarathon/,2026.5.23(土),宮崎県都城市,宮崎県
第13回 宮崎100kmリレーマラソン,https://universal-field.com/event/miyazaki100kmrelay/,2026.6.6(土),宮崎県宮崎市,宮崎県
NewMeリレーマラソン,https://www.newme.run/,2026.3.8(日),富山県富山市,富山県
常願寺川マラソン2026,https://joganji-river-marathon.amebaownd.com/,2026.3.22(日),富山県立山町,富山県
第46回魚津しんきろうマラソン,https://www.uozu-shinkirou-marathon.jp/,2026.4.26(日),富山県魚津市,富山県
第5回 万葉の里 二上山トレイルラン,https://www.futagamitrail.com/,2026.5.10(日),富山県高岡市,富山県
第23回 とやま清流マラソン,http://www.seiryu-marathon.com/,2026.5.17(日),富山県富山市,富山県
第43回 カーター記念黒部名水マラソン,https://www.kurobe-taikyo.jp/road/,2026.5.23(土),富山県黒部市,富山県
第43回 カーター記念黒部名水マラソン,https://www.kurobe-taikyo.jp/road/,2026.5.24(日),富山県黒部市,富山県
あさひトレイル ZERO to ZERO 2026,https://asahi-trail.com/,2026.6.7(日),富山県朝日町,富山県
第0回 荒滝SAMURAI トレイル,https://moshicom.com/138126/,2026.3.7(土),山口県宇部市,山口県
第20回 錦帯橋ロードレース,https://kintaikyo-road-race.com/,2026.3.8(日),山口県岩国市,山口県
【開催中止】田布施川桜まつりロードレース大会,https://www.town.tabuse.lg.jp/site/information/8947.html,2026.4.5(日),山口県田布施町,山口県
第38回 大原湖さくらロードレース大会,https://www.city.yamaguchi.lg.jp/soshiki/129/153619.html,2026.4.12(日),山口県山口市,山口県
企業対抗リレーマラソン in やまぐち 2026,https://yamaguchi-kigyotaikorelay.com/,2026.4.25(土),山口県山口市,山口県
第14回巌流島リレーマラソン,https://marathon-jp.com/,2026.4.25(土),山口県下関市,山口県
周防大島ウルトラマラニック2026,https://suooshima-maranic.jp/,2026.4.26(日),山口県周防大島町,山口県
高杉晋作　維新の乱（Run）マラニック大会2026,https://y-runnet.com/,2026.4.26(日),山口県下関市,山口県
第13回 HIRAO風緑マラソン,https://toranosuke86.wixsite.com/hirao-w,2026.5.4(月),山口県平生町,山口県
秋吉台カルスト TRAILRUN 2026,https://akiyoshidai-trail.com/,2026.5.24(日),山口県美祢市,山口県
第10回 JAL 向津具(むかつく）ダブルマラソン,https://www.mukatsuku-w-marathon.com/,2026.6.14(日),山口県長門市,山口県
BBQリレーマラソン in 宇部ときわ公園 2026,https://bbqrelay-tokiwa.com/,2026.6.14(日),山口県宇部市,山口県
山口きらら夕焼けマラソン2026,https://yamaguchikiraramarathon.com/yuuyakemarathon/,2026.6.20(土),山口県山口市,山口県
トレイルランナーズカップ山形2026,https://trailrunners.jp/event/yamagata-2026/,2026.4.12(日),山形県山辺町,山形県
第7回 山寺蔵王ウルトラジャーニー,https://jogtrail.wixsite.com/website-2,2026.4.19(日),山形県山形市,山形県
第50回全国花笠マラソン,https://www.city.obanazawa.yamagata.jp/kosodate-bunka/sports/sports-info/marathon/4118,2026.5.3(日),山形県尾花沢市,山形県
第50回記念 “さがえ”さくらんぼマラソン大会,https://sagae-sakuranbo-m.com/,2026.5.31(日),山形県寒河江市,山形県
第44回全国白川ダム湖畔マラソン,https://www.town.iide.yamagata.jp/007/44damumarason.html,2026.5.31(日),山形県飯豊町,山形県
第23回果樹王国ひがしねさくらんぼマラソン大会,http://www.sakuranbo-m.jp/,2026.6.7(日),山形県東根市,山形県
第7回八森山・大高根山トレイルフェスタ,https://jogtrail.wixsite.com/website,2026.6.28(日),山形県村山市,山形県
第4回月山山麓ウルトラマラソン,http://fun-trails.com/race/gassan/,2026.7.5(日),山形県西川町,山形県
第24回南アルプス桃源郷マラソン,http://www.minami-alps-sports.or.jp/marathon/,2026.3.29(日),山梨県南アルプス市,山梨県
第21回笛吹市桃の里マラソン,https://www.marathoninfo.net/fuefuki,2026.4.5(日),山梨県笛吹市,山梨県
富士北麓リレーマラソン,https://www.r-wellness.com/hokuroku-relay/,2026.4.18(土),山梨県富士吉田市,山梨県
第36回チャレンジ富士五湖ウルトラマラソン,https://www.r-wellness.com/fuji5/,2026.4.19(日),山梨県富士吉田市,山梨県
Mt.FUJI100 2026,https://mtfuji100.com/,2026.4.24(金),山梨県富士吉田市,山梨県
ホサカ24耐  Hosaka  24-hour EnduranceRun,https://hosaka24.yamaken.online/,2026.5.9(土),山梨県韮崎市,山梨県
第5回富士山麓Women's Trail Run,https://womenstrailrun.com/,2026.5.10(日),山梨県富士河口湖町,山梨県
第46回スポニチ山中湖ロードレース,https://www.yamanakako-roadrace.com/,2026.5.31(日),山梨県山中湖村,山梨県
第17回富士忍野高原トレイルレース,https://oshinotrail.jp/,2026.6.7(日),山梨県忍野村,山梨県
第11回スリーピークス八ヶ岳トレイル,http://trail38.com/,2026.6.13(土),山梨県北杜市,山梨県
第8回 山中湖あおぞらマラソン＆ウォーク,https://aozorarun.com/lp/260712_yl/,2026.7.12(日),山梨県山中湖村,山梨県
第44回山日YBS富士吉田火祭りロードレース,http://www.himatsuri-roadrace.jp/,2026.8.23(日),山梨県富士吉田市,山梨県
第33回かかみがはらシティマラソン2026,https://www.city.kakamigahara.lg.jp/kankobunka/sports/1005088/1025424.html,2026.3.8(日),岐阜県各務原市,岐阜県
美濃國山城トレイル乱,https://yamajiro100.jp/,2026.3.14(土),岐阜県揖斐川町,岐阜県
第40回日本大正村クロスカントリー大会,https://crosscountry.ena-tairen.com/,2026.3.15(日),岐阜県恵那市,岐阜県
刃物のまち関シティマラソン（ジョギング大会）,https://www.sekimarathon.net/,2026.3.15(日),岐阜県関市,岐阜県
第21回海津シティマラソン,http://gtukaizu.web.fc2.com/,2026.3.22(日),岐阜県海津市,岐阜県
第10回 長良川リバーサイドマラソン,https://run-colle.net/event/10rd-nagaragawaRSM/,2026.4.12(日),岐阜県岐阜市,岐阜県
第23回恵那峡ハーフマラソン,http://enakyo-halfmarathon.ena-tairen.com/,2026.4.19(日),岐阜県恵那市,岐阜県
高橋尚子杯ぎふ清流ハーフマラソン2026Gifu Half Marathon 2026,https://www.gifu-marathon.jp/,2026.4.26(日),岐阜県岐阜市,岐阜県
ふどうの森トレイルラン2026,https://www.fudoforest-trailrun.com/,2026.5.10(日),岐阜県関市,岐阜県
第9回飛騨位山トレイル,https://hida-kuraiyamatrails.amebaownd.com/,2026.5.16(土),岐阜県高山市,岐阜県
第9回飛騨位山トレイル,https://hida-kuraiyamatrails.amebaownd.com/,2026.5.17(日),岐阜県高山市,岐阜県
第9回清流木曽川 中津川リレーマラソン,http://nakatsugawa-rm.jp/,2026.5.24(日),岐阜県中津川市,岐阜県
第14回飛騨高山ウルトラマラソン,http://www.r-wellness.com/takayama/,2026.6.14(日),岐阜県高山市,岐阜県
第13回奥飛騨トレイルラン,https://www.actrep-sports.com/okuhida-trailrun/,2026.6.14(日),岐阜県飛騨市,岐阜県
第4回 貝月山白龍トレイルラン,https://www.actrep-sports.com/kaidukiyama-hakuryu-trailrun/,2026.7.4(土),岐阜県揖斐川町,岐阜県
備前♡日生大橋マラソン2026,https://www.city.bizen.okayama.jp/soshiki/509/31036.html,2026.3.8(日),岡山県備前市,岡山県
第6回総社高滝山トレイルラン大会,https://h-koi7.wixsite.com/sojatrail/blank-7,2026.3.8(日),岡山県総社市,岡山県
神島お遍路トレイルマラニック2026,https://www.facebook.com/kounoshima.maranic/,2026.3.29(日),岡山県笠岡市,岡山県
第5回正木山・鍵山トレイルラン,https://masakiyama-kagiyamatrail.localinfo.jp/,2026.4.5(日),岡山県総社市,岡山県
WAKE ALPS TRAIL 50 第1回 和気町一周トレイルランニングレース,https://wakealpstrail50.jp/,2026.4.12(日),岡山県和気町,岡山県
第33回津山加茂郷フルマラソン全国大会,https://kamogo.jp/,2026.4.19(日),岡山県津山市,岡山県
第11回おかやま西大寺マラソン大会,https://okayama-saidaiji-run.com/2026/,2026.4.19(日),岡山県岡山市,岡山県
第17回備中高梁歴史街道ウルトラマラニック,http://www.corredor.jp/ultra/,2026.4.19(日),岡山県高梁市,岡山県
Nagi Peaks Tough Trail Challenge 2026,https://nagipeaks.com/,2026.6.7(日),岡山県津山市,岡山県
第14回 イーハトーブ花巻ハーフマラソン,https://hanamaki-half.jp/,2026.4.26(日),岩手県花巻市,岩手県
第3回ステージレース三陸 SRS200／100,https://discover-rias.org/srs200/,2026.5.2(土),岩手県宮古市,岩手県
ICT100,https://iwate-coastal-trail-100km.com/,2026.5.9(土),岩手県普代村,岩手県
第42回岩手山ろくファミリーマラソン,https://www.iwatesanroku-marathon.jp/,2026.5.10(日),岩手県雫石町,岩手県
第10回いわて奥州きらめきマラソン,https://oshukirameki.jp/,2026.5.17(日),岩手県奥州市,岩手県
くずまき塩の道トレイル・リレーマラソン,https://moshicom.com/141899,2026.5.24(日),岩手県葛巻町,岩手県
第46回河北新報錦秋湖マラソン,https://kinshuko-marathon.com/,2026.5.31(日),岩手県西和賀町,岩手県
第44回金ケ崎マラソン大会,https://www.town.kanegasaki.iwate.jp/articles/2025112100026/,2026.6.7(日),岩手県金ヶ崎町,岩手県
第20回いわて銀河ウルトラマラソン,https://www.iwate-ginga100.jp/,2026.6.14(日),岩手県北上市,岩手県
MORIOKA ENDURANCE QUEST,https://morioka-endurance-quest.com/,2026.8.29(土),岩手県盛岡市,岩手県
第36回つわのＳＬ健康マラソン,https://www.town.tsuwano.lg.jp/www/contents/1701930852399/index.html,2026.3.8(日),島根県津和野町,島根県
第31回大社はまゆうマラソン大会,https://www.city.izumo.shimane.jp/www/contents/1315376073982/html/common/694e2eb7004.html,2026.3.8(日),島根県出雲市,島根県
山陰道 三隅・益田道路 開通記念プレイベント,https://plusvalue.co.jp/sanindokaitsu/,2026.3.8(日),島根県浜田市,島根県
うみかぜ薫るリレー＆ソロマラソンin山陰浜田港,https://plusvalue.co.jp/relay_hamada/,2026.3.14(土),島根県浜田市,島根県
第47回 まつえレディースハーフマラソン,https://www.matsue-ladies-half.com/index.html,2026.3.15(日),島根県松江市,島根県
とこわかトレイルランニング 2026,https://note.com/hitoyamaworks/n/nfbe9d4a63d6e,2026.3.20(金),島根県松江市,島根県
第14回さくらおろち湖トレイルランニングレース,https://sakuraorochitrail.jimdofree.com/,2026.4.19(日),島根県雲南市,島根県
第21回よしか・夢・花・マラソン,https://yoshika-yumehana.com/,2026.4.26(日),島根県吉賀町,島根県
【開催中止】第32回えびす・だいこく100kmマラソン,http://ebidai100km.jp/,2026.5.31(日),島根県松江市,島根県
第19回隠岐の島ウルトラマラソン,https://okinoshima-ultra.jp/,2026.6.21(日),島根県隠岐の島町,島根県
第44回ふくやまマラソン,https://fukuyama-marathon.jp/,2026.3.15(日),広島県福山市,広島県
第6回福富ダム【健康マラソン】フェスタ,https://bd7jc.hp.peraichi.com/,2026.3.20(金),広島県東広島市,広島県
第3回 ひろしまトライアルマラソン,https://moshicom.com/138229/,2026.3.28(土),広島県福山市,広島県
第8回宮島マラソン,https://miyajima-marathon.com/,2026.3.29(日),広島県廿日市市,広島県
BIHOKUレイクマラソン2026,https://f-one-project.com/bihoku,2026.4.5(日),広島県庄原市,広島県
瀬戸内アイランドトレイル in 呉・とびしま2026,https://www.setouchi-itrail.com/,2026.4.5(日),広島県呉市,広島県
HIROSHIMA TRAIL 2026,https://hiroshima-trailrun.com/,2026.4.11(土),広島県広島市,広島県
第6回福山あしだがわマラソン,https://f-one-project.com/ashidagawa.marathon,2026.4.19(日),広島県福山市,広島県
第8回 IDATENチャレンジ 春のもみのき森林公園マラソン,https://moshicom.com/140493,2026.4.26(日),広島県廿日市市,広島県
第5回コープファミリーリレーマラソン in せら 2025,https://www.hiroshima.coop/family_marathon/index.html,2026.5.17(日),広島県世羅町,広島県
広島空港マラソン2026,https://hiroshimaairport-marathon.com/,2026.5.17(日),広島県三原市,広島県
SAIOTO COLORS ～Green Ver.～ 2026,https://saiotocolors.themedia.jp/pages/5017539/greenver,2026.5.17(日),広島県北広島町,広島県
しまなみサラウンド 2026,https://shimanami-surround.com/,2026.5.31(日),広島県尾道市,広島県
2026三原・白竜湖トレイルランレース,https://mihara-trailrun.com/,2026.6.21(日),広島県三原市,広島県
シーサイドBBQリレーマラソン2026 in 呉ポートピアパーク,http://seasiderelay.jp/,2026.7.5(日),広島県呉市,広島県
RUNCROSS in 弘楽園2026,https://run-cross.com/,2026.7.26(日),広島県世羅町,広島県
とくしまマラソン2026,http://www.tokushima-marathon.jp/,2026.3.22(日),徳島県徳島市,徳島県
2026 桜街道・夢マラソン,https://www.town.minami.lg.jp/docs/4528556.html,2026.4.5(日),徳島県美波町,徳島県
阿南淡島ビーチ　リレーマラソン,https://www.outdoor-sports.info/awashima-relaymarathon,2026.4.12(日),徳島県阿南市,徳島県
祖谷スカイラン2026,https://www.outdoor-sports.info/iya-skyrun,2026.5.17(日),徳島県三好市,徳島県
地下足袋王子杯 ファガスの森24時間耐久トレイルランニング2026,https://www.outdoor-sports.info/prince-jikatabi-cup,2026.10.17(土),徳島県那賀町,徳島県
地下足袋王子杯 ファガスの森マウンテンマラソン2026,https://www.outdoor-sports.info/prince-jikatabi-cup,2026.10.17(土),徳島県那賀町,徳島県
第37回ゆめしま海道いきなマラソン,https://www.facebook.com/yumeshimarun/?locale=ja_JP,2026.3.8(日),愛媛県上島町,愛媛県
第33回まつの桃源郷マラソン大会,https://www.matsunotougenkyou-marathon.jp/,2026.4.5(日),愛媛県松野町,愛媛県
第8回武左衛門マラソン,https://buzaemon-marathon.net/,2026.4.19(日),愛媛県鬼北町,愛媛県
2026鬼が城ピークストレイル,https://sites.google.com/oni-p.org/oni-p/,2026.4.19(日),愛媛県宇和島市,愛媛県
第33回 四国せいよ 朝霧湖マラソン大会,https://asagirikomarathon.com/,2026.5.3(日),愛媛県西予市,愛媛県
フジ Presents えひめ5時間チャリティーリレーマラソン 2026,https://eat.jp/eat/?event=relay_marathon,2026.5.16(土),愛媛県松山市,愛媛県
第4回 新居浜リバーサイドマラソン,https://niihama-runevent.com/riversidemarathon,2026.6.7(日),愛媛県新居浜市,愛媛県
名古屋ウィメンズマラソン2026NAGOYA WOMEN’S MARATHON 2026,https://womens-marathon.nagoya/,2026.3.8(日),愛知県名古屋市,愛知県
名古屋シティマラソン2026NAGOYA CITY MARATHON 2026,https://city-marathon.nagoya/,2026.3.8(日),愛知県名古屋市,愛知県
庄内緑地マラソングランプリ2026 Spring(フル・ハーフ・リレー),https://athmico.jp/item/sg2603,2026.3.8(日),愛知県名古屋市,愛知県
マラソントレーニングvol.96 in 庄内緑地,http://nagorun.com/info/%E3%83%9E%E3%83%A9%E3%82%BD%E3%83%B3%E3%83%88%E3%83%AC%E3%83%BC%E3%83%8B%E3%83%B3%E3%82%B0vol-96,2026.3.15(日),愛知県名古屋市,愛知県
OSJ新城トレイル11K,https://www.outdoorsportsjapan.com/trail/shinshiro_11/,2026.3.21(土),愛知県新城市,愛知県
OSJ新城トレイル32K＆ダブル64K,https://www.outdoorsportsjapan.com/trail/shinshiro_32/,2026.3.22(日),愛知県新城市,愛知県
鈴木亜由子杯 穂の国・豊橋ハーフマラソン2026,https://honokuni-runner.com/,2026.3.22(日),愛知県豊橋市,愛知県
第3回 愛知西浦温泉夕空絶景マラソン大会,https://jiowsa-marathon.com/%E5%A4%95%E7%A9%BA%E7%B5%B6%E6%99%AF%E3%83%9E%E3%83%A9%E3%82%BD%E3%83%B3%E3%82%B7%E3%83%AA%E3%83%BC%E3%82%BA%EF%BC%92%EF%BC%90%EF%BC%92%EF%BC%96/,2026.3.22(日),愛知県西浦町,愛知県
春休みRUNフェスティバル2026 in 庄内緑地,https://run-colle.net/haruyasumirun/,2026.3.22(日),愛知県名古屋市,愛知県
三河湖マラソン2026,https://shimoyamasportsclub.jimdoweb.com/2026/01/28/%E7%AC%AC%EF%BC%92%EF%BC%98%E5%9B%9E-%E4%B8%89%E6%B2%B3%E6%B9%96%E3%83%9E%E3%83%A9%E3%82%BD%E3%83%B3%E5%8B%9F%E9%9B%86%E9%96%8B%E5%A7%8B/,2026.3.22(日),愛知県豊田市,愛知県
【開催中止】瑞穂（トラック）で走ろう！！第47回 中・長距離記録会,https://www.njsf.net/zenkoku/events/event/2026-0322aichi/,2026.3.22(日),愛知県名古屋市,愛知県
第85回 エンジョイヘイジツマラソン,http://nagorun.com/info/3-26%E6%9C%A8%E9%96%8B%E5%82%AC%EF%BC%81%E3%83%98%E3%82%A4%E3%82%B8%E3%83%84%E3%83%9E%E3%83%A9%E3%82%BD%E3%83%B3vol-85,2026.3.26(木),愛知県名古屋市,愛知県
第9回 トレランフェス in 岡崎,https://trail-running-fes.jp/wp/,2026.3.29(日),愛知県岡崎市,愛知県
第43回三好池桜マラソン,https://sites.google.com/miyoshi-hashiroukai.com/miyoshi-hashiroukai2/,2026.4.5(日),愛知県みよし市,愛知県
第21回愛知リレーマラソン,https://www.njsf.net/zenkoku/events/event/2026-0412aichi/,2026.4.12(日),愛知県名古屋市,愛知県
3時間チャレンジ・リレーマラソン大会 in TOYOTA,https://hopejp.org/,2026.4.12(日),愛知県豊田市,愛知県
第5回 渥美半島ウルトラネイチャーラン,https://www.aunr.website/,2026.4.18(土),愛知県田原市,愛知県
ナゴヤランナーズトライアルvol.67,https://run-colle.net/event/runners-trial-2026-4/,2026.4.18(土),愛知県名古屋市,愛知県
第11回 チャリティマラソンin庄内緑地,https://kaijyoken-marason.oos.jp/,2026.4.19(日),愛知県名古屋市,愛知県
第86回 エンジョイヘイジツマラソン,http://nagorun.com/info/4-23%E6%9C%A8%E9%96%8B%E5%82%AC%EF%BC%81%E3%83%98%E3%82%A4%E3%82%B8%E3%83%84%E3%83%9E%E3%83%A9%E3%82%BD%E3%83%B3,2026.4.23(木),愛知県名古屋市,愛知県
庄内緑地グリーンランニング(30km20km10km+30kmリレー)63rd,https://athmico.jp/item/sg2604,2026.4.25(土),愛知県名古屋市,愛知県
第2回オカザキリバーサイドリレーマラソン,https://okazaki-rm.com/,2026.4.25(土),愛知県岡崎市,愛知県
ナゴヤアドベンチャーマラソンSpring Kickoff Run,https://life.run-style.jp/nagoya-adv.spring-kickoff-run-2026,2026.4.26(日),愛知県名古屋市,愛知県
第13回 AEDチャリティマラソン,http://nagorun.com/info/4-29%E7%A5%9D%E3%83%BB%E6%B0%B4%E9%96%8B%E5%82%AC%E7%AC%AC13%E5%9B%9Eaed%E3%83%81%E3%83%A3%E3%83%AA%E3%83%86%E3%82%A3%E3%83%9E%E3%83%A9%E3%82%BD%E3%83%B3,2026.4.29(水),愛知県名古屋市,愛知県
マラソントレーニングvol.97 in 庄内緑地,http://nagorun.com/info/5-10%E9%96%8B%E5%82%AC%E3%83%9E%E3%83%A9%E3%82%BD%E3%83%B3%E3%83%88%E3%83%AC%E3%83%BC%E3%83%8B%E3%83%B3%E3%82%B0vol-97,2026.5.10(日),愛知県名古屋市,愛知県
第26回ナゴヤランナーズカップ in 大高緑地,http://www.runcup.net/,2026.5.10(日),愛知県長久手市,愛知県
第16回維摩池周回チャリティーマラソン,http://www.owariasahi-rc.sakura.ne.jp/charity/index.html,2026.5.10(日),愛知県尾張旭市,愛知県
第56回愛知県春季スポーツ大会 第49回庄内緑地公園マラソン,https://aichi.njsf.net/?p=1067,2026.5.17(日),愛知県名古屋市,愛知県
2026 DA MONDE TRAIL Challenge Spring,http://trail.damonde.jp/,2026.5.17(日),愛知県新城市,愛知県
NAGOYA Green Flow Run 2026,https://run-colle.net/event/NAGOYAGreenFlowRun2026/,2026.5.23(土),愛知県名古屋市,愛知県
第6回 ランニング＆ビーフフェスタin段戸山,https://sakura-seitai.jpn.com/dandosan,2026.5.23(土),愛知県設楽町,愛知県
庄内緑地マラソングランプリ 202605(フル・ハーフ・リレー),https://athmico.jp/item/sg2605,2026.5.24(日),愛知県名古屋市,愛知県
第87回 エンジョイヘイジツマラソン,http://nagorun.com/info/5-26%E9%96%8B%E5%82%AC%E3%83%98%E3%82%A4%E3%82%B8%E3%83%84%E3%83%9E%E3%83%A9%E3%82%BD%E3%83%B3vol,2026.5.26(火),愛知県名古屋市,愛知県
名古屋しゃちほこトライアル vol.9,http://nagorun.com/info/5-31%E9%96%8B%E5%82%AC%E5%90%8D%E5%8F%A4%E5%B1%8B%E3%81%97%E3%82%83%E3%81%A1%E3%81%BB%E3%81%93%E3%83%88%E3%83%A9%E3%82%A4%E3%82%A2%E3%83%ABvol-9,2026.5.31(日),愛知県名古屋市,愛知県
DANDO ROUND TRIP20&40,https://go-trail.net/pages/dando-round-trip40,2026.6.7(日),愛知県豊田市,愛知県
Tokai Peninsula Giant Trail,https://go-trail.net/pages/tokai-peninsula-giant-trail-100,2026.10.24(土),愛知県田原市,愛知県
第36回 越後まつだい冬の陣 のっとれ！松代城,https://fuyunojin.matsudai.jp/,2026.3.8(日),新潟県十日町市,新潟県
新潟ハーフマラソン2026,http://n-halfmarathon.jp/,2026.3.15(日),新潟県新潟市,新潟県
第11回 角田山一周ハーフマラソン大会,http://nishikan-sports.com/kakudahm/,2026.4.5(日),新潟県新潟市,新潟県
第37回燕さくらマラソン,https://www.tsubame-sakura-marathon.com/,2026.4.11(土),新潟県燕市,新潟県
第38回笹川流れマラソン大会,https://www.s-nets.info/sasarun/wp/,2026.4.12(日),新潟県村上市,新潟県
第12回見附刈谷田川ハーフマラソン大会・第54回見附市民マラソン大会,https://mitsuke-sports.com/mitsuke-marathon/,2026.4.19(日),新潟県見附市,新潟県
第12回 粟島一周エコマラソン,https://eco-journey.org/,2026.4.19(日),新潟県粟島浦村,新潟県
トレイルランナーズカップ越後丘陵公園2026,https://trailrunners.jp/event/echigo-2026/,2026.4.19(日),新潟県長岡市,新潟県
第34回米山山麓ロードレース,https://www.s-nets.info/yoneyama-sanroku/,2026.4.19(日),新潟県上越市,新潟県
佐渡トキマラソン2026,https://www.scsf.jp/marathon/,2026.4.26(日),新潟県佐渡市,新潟県
第39回白根ハーフマラソン,https://s-nets.info/shirone/,2026.5.10(日),新潟県新潟市,新潟県
第26回柏崎潮風マラソン,https://shiokaze-run.info/,2026.5.17(日),新潟県柏崎市,新潟県
トレイルランナーズカップ津南2026 in 無印良品キャンプ場,https://trailrunners.jp/event/tsunan-2026/,2026.5.31(日),新潟県津南町,新潟県
第27回高田城ロードレース大会,https://www.joetsu-taikyo.jp/convention/takada-road-race-2-2-2-2-2-3-2/,2026.6.7(日),新潟県上越市,新潟県
第17回南魚沼グルメマラソン,http://gurumara.com/,2026.6.14(日),新潟県南魚沼市,新潟県
越後カントリートレイル2026,https://echigo-country-trail.net/,2026.6.14(日),新潟県長岡市,新潟県
越後まつだい春の陣 トレイルランレース,https://echigomatsudaiharunojin.com/,2026.6.14(日),新潟県十日町市,新潟県
第50回関川マラソン大会,http://s-nets.info/sekikawa/,2026.6.21(日),新潟県関川村,新潟県
DEEP JAPAN ULTRA 100 〜NIIGATA〜 2026,https://www.deepjapanultra.com/,2026.6.26(金),新潟県魚沼市,新潟県
“ROCKIN’ BEAR” 妙高トレイルランニングレース,http://www.nature-scene.net/myoko/,2026.7.4(土),新潟県妙高市,新潟県
第13回津南ウルトラマラソン,http://sportsaid-japan.org/,2026.7.5(日),新潟県津南町,新潟県
トレイルランナーズカップ櫛形31K 2026,https://trailrunners.jp/event/kushigata31k-2026/,2026.7.12(日),新潟県胎内市,新潟県
鉱山祭汐風リレーマラソン,https://www.s-nets.info/shiokaze-relay/wp/,2026.7.26(日),新潟県佐渡市,新潟県
トレイルランナーズカップ新潟2026,https://trailrunners.jp/event/niigata-2026/,2026.7.26(日),新潟県新潟市,新潟県
第16回えちご・くびき野100kmマラソン【最終回】,http://echigo-joetsu.com/100km/,2026.10.11(日),新潟県上越市,新潟県
東京都北区赤羽マラソン - 31.6km／21.0km／10.5km／5.2km／ハーフリレー -,https://akabane-marathon.tokyo/list_about/20251108,2026.3.7(土),東京都北区,東京都
第8回 豊洲のうみべマラソン,https://www.goodsports.jp/gs-marathon/ichiran/0307toyosu/,2026.3.7(土),東京都江東区,東京都
第226回UP RUN皇居マラソン,https://up-run.jp/events/up-koukyo226/,2026.3.7(土),東京都千代田区,東京都
第98.5回 M×Kディスタンストライアルin代々木,https://team-mk.net/mkdc/,2026.3.7(土),東京都渋谷区,東京都
立川シティハーフマラソン2026,https://tachikawa-half.jp/,2026.3.8(日),東京都立川市,東京都
第12回かつしかふれあいRUNフェスタ2026,https://www.katsushika-fureai-runfesta.jp/,2026.3.8(日),東京都葛飾区,東京都
しながわシティラン2026,https://shinagawa-cityrun.jp/,2026.3.8(日),東京都品川区,東京都
中野ランニングフェスタ2026,http://www.nakano21.jp/run/,2026.3.8(日),東京都中野区,東京都
第29回目白ロードレース,https://www-cc.gakushuin.ac.jp/~19920096/toshima/2026/0308mejiro-road26/annai-26mejiro-road.html,2026.3.8(日),東京都豊島区,東京都
第93回赤羽トライアル,http://takashi.daa.jp/akabane_c/,2026.3.8(日),東京都北区,東京都
第186回スポーツメイトラン皇居マラソン,https://up-run.jp/events/mate-koukyo186/,2026.3.8(日),東京都千代田区,東京都
第82回スポーツメイトラン東大島小松川公園ハーフマラソン,https://up-run.jp/events/mate-higashiooshima82/,2026.3.8(日),東京都江戸川区,東京都
第53回 豊洲ウィークデーマラソン,https://www.triathlonclub.jp/earth/events/event/%E8%B1%8A%E6%B4%B2%E3%82%A6%E3%82%A3%E3%83%BC%E3%82%AF%E3%83%87%E3%83%BC%E3%83%9E%E3%83%A9%E3%82%BD%E3%83%B325-26/,2026.3.11(水),東京都江東区,東京都
マラソンフェスティバルin国営昭和記念公園 FLOWER,https://www.shining-foundation.org/marathon-festival-flower,2026.3.14(土),東京都立川市,東京都
第3回 東京・品川マラソンフェスタ 2026 ～震災復興チャリティ～,https://gsrun.jp/shinagawa/,2026.3.14(土),東京都品川区,東京都
第75回UPRUN府中多摩川風の道マラソン大会,https://up-run.jp/events/up-fuchuu75/,2026.3.14(土),東京都府中市,東京都
第83回スポーツメイトラン赤羽荒川ハーフマラソン,https://up-run.jp/events/mate-akabane83/,2026.3.14(土),東京都北区,東京都
THE CHALLENGE RACE TOYOSU 3 in 2026,https://toyosu-race.rdc-run.com/,2026.3.14(土),東京都江東区,東京都
第108回 季節の荒川ハーフマラソン,https://www.jp-guide.net/manner/sa/season.html,2026.3.14(土),東京都江戸川区,東京都
2026板橋Cityマラソン,http://i-c-m.jp/,2026.3.15(日),東京都板橋区,東京都
フラワーリレーマラソンin国営昭和記念公園2026,https://www.shining-foundation.org/flower-marathon,2026.3.15(日),東京都立川市,東京都
第69回マイクロレース多摩川,http://microrace.jp/,2026.3.15(日),東京都稲城市,東京都
第5回UPRUN豊洲ハーフマラソン,https://up-run.jp/events/up-toyosu5/,2026.3.15(日),東京都江東区,東京都
第2回お台場潮風あおぞらマラソン,https://aozorarun.com/lp/260315osp/,2026.3.15(日),東京都品川区,東京都
数馬回峯 - Kazuma Mountain Challenge 2026 -,https://carbuncletl.wixsite.com/hinohara20,2026.3.15(日),東京都檜原村,東京都
第83回ベジタブル年代別マラソンin赤羽,https://vege-mara.com/,2026.3.20(金),東京都北区,東京都
第36回多摩湖駅伝大会,https://www.tamako-ekiden.com/,2026.3.20(金),東京都東大和市,東京都
第30回UP RUN東大島小松川公園マラソン～長距離特別ver～,https://up-run.jp/events/up-higashiooshimalong30/,2026.3.20(金),東京都江戸川区,東京都
第77回UPRUN北千住荒川ハーフマラソン,https://up-run.jp/events/up-kitasenju77/,2026.3.21(土),東京都足立区,東京都
第99回 M×Kディスタンストライアルin世田谷,https://team-mk.net/mkdc/,2026.3.21(土),東京都世田谷区,東京都
第93回板橋月例チャレンジ,http://takashi.daa.jp/takashi_c/index.html,2026.3.21(土),東京都板橋区,東京都
練馬こぶしハーフマラソン2026,https://nerima-halfmarathon.jp/,2026.3.22(日),東京都練馬区,東京都
第16回渋谷・表参道 Women’s Run,https://womensrun.jp/,2026.3.22(日),東京都渋谷区,東京都
THE CHALLENGE RACE 5 in 2026,https://race.rdc-run.com/,2026.3.22(日),東京都江東区,東京都
第31回豊洲ぐるり公園マラソン,https://sportsone.jp/running/toyosu-morning/,2026.3.22(日),東京都江東区,東京都
第44回スポーツメイトラン府中多摩川風の道マラソン,https://up-run.jp/events/mate-futyu44/,2026.3.22(日),東京都府中市,東京都
第86回KITA!SENJU（北千住）マラソン,https://takashi.daa.jp/kita/,2026.3.22(日),東京都足立区,東京都
THE 30K TOKYO 5 in 2026,https://runnet.jp/entry/runtes/user/pc/moshicomDetailAction.do?raceId=140476&div=1,2026.3.22(日),東京都板橋区,東京都
第53回豊洲マンスリーマラソン,https://www.sportsentry.ne.jp/event/t/102477,2026.3.28(土),東京都江東区,東京都
第51回スポーツメイトラン北千住荒川ハーフマラソン,https://up-run.jp/events/mate-kitasenju51/,2026.3.28(土),東京都足立区,東京都
THE CHALLENGE RACE 6 in 2026,https://race.rdc-run.com/,2026.3.28(土),東京都江東区,東京都
THE 30K TOKYO 6 in 2026,https://distance.rdc-run.com/30k-tokyo,2026.3.28(土),東京都板橋区,東京都
第7回東京さくらマラソン,https://www.t-njsf.net/tokyo/sponsored/2025/5104/,2026.3.29(日),東京都北区,東京都
2026品川マラソン,https://up-run.jp/events/2026shinagawa/,2026.3.29(日),東京都品川区,東京都
第4回荒川エコマラソン（堀切エリア）,https://www.ecomarathon.run/%E9%96%A2%E6%9D%B1/%E8%8D%92%E5%B7%9D%E5%A0%80%E5%88%87/,2026.3.29(日),東京都葛飾区,東京都
オトナのタイムトライアル 3月29日(日)@大蔵競技場,https://otona-tt.com/,2026.3.29(日),東京都世田谷区,東京都
第2回ONESHIP RECORD CHALLENGE in 織田フィールド,https://moshicom.com/139877/,2026.3.29(日),東京都足立区,東京都
第18回ハセツネ30K,https://www.hasetsune.jp/30K/meaning.html,2026.3.29(日),東京都あきる野市,東京都
東京都北区赤羽さくらマラソン 2026,https://akabane-marathon.tokyo/sakura/,2026.4.4(土),東京都北区,東京都
第70回マイクロレース多摩川,http://microrace.jp/,2026.4.4(土),東京都稲城市,東京都
スペシャルオリンピックス日本 チャリティ・ランイベント 第8回ユニファイド・エールラン,https://sonippon.my.canva.site/unified-yell-run,2026.4.4(土),東京都江東区,東京都
THE FIRST TRAIL 2026,https://thefirsttrail.jp/,2026.4.4(土),東京都青梅市,東京都
第70回スポーツメイトラン堀切水辺公園マラソン,https://up-run.jp/events/mate-horikiri70/,2026.4.4(土),東京都葛飾区,東京都
第32回豊洲ぐるり公園マラソン,https://www.sportsentry.ne.jp/event/t/102545,2026.4.5(日),東京都江東区,東京都
第94回赤羽トライアル,http://takashi.daa.jp/akabane_c/,2026.4.5(日),東京都北区,東京都
こりゃ多摩ラン20km10km5km in 4月,https://athmico.jp/item/kt2604,2026.4.5(日),東京都府中市,東京都
第28回青梅高水パラチノース国際トレイルラン,http://www.kfctriathlon.com/html/event_trail.html,2026.4.5(日),東京都青梅市,東京都
THE CHALLENGE RACE 7 in 2026,https://race.rdc-run.com/,2026.4.5(日),東京都江東区,東京都
第54回 豊洲ウィークデーマラソン,https://www.triathlonclub.jp/earth/events/event/%E8%B1%8A%E6%B4%B2%E3%82%A6%E3%82%A3%E3%83%BC%E3%82%AF%E3%83%87%E3%83%BC%E3%83%9E%E3%83%A9%E3%82%BD%E3%83%B325-26/,2026.4.8(水),東京都江東区,東京都
アミノバイタル presents 荒川ハーフマラソン2026(春),https://boost-inc.jp/arakawa_half/,2026.4.11(土),東京都葛飾区,東京都
第52回スポーツメイトラン北千住荒川ハーフマラソン,https://up-run.jp/events/mate-kitasenju52/,2026.4.11(土),東京都足立区,東京都
第14回 あだち五色桜マラソン,https://shining-foundation.wixsite.com/5shikisakura,2026.4.12(日),東京都足立区,東京都
第11回多摩川ネイチャーマラソン（東京ウルトラ100キロ）,https://earthrunclub.net/competition/20260412_tamagawa_nature_11/,2026.4.12(日),東京都大田区,東京都
第30回UPRUN赤羽荒川マラソン～全種目ver～,https://up-run.jp/events/up-akabanezensyumoku30/,2026.4.12(日),東京都北区,東京都
第76回UPRUN府中多摩川風の道マラソン大会,https://up-run.jp/events/up-fuchuu76/,2026.4.18(土),東京都府中市,東京都
第187回スポーツメイトラン皇居マラソン,https://up-run.jp/events/mate-koukyo187/,2026.4.18(土),東京都千代田区,東京都
第84回スポーツメイトラン赤羽荒川ハーフマラソン,https://up-run.jp/events/mate-akabane84/,2026.4.18(土),東京都北区,東京都
第94回板橋月例チャレンジ,https://www.sportsentry.ne.jp/event/t/102751,2026.4.18(土),東京都板橋区,東京都
第33回豊洲ぐるり公園マラソン,https://sportsone.jp/running/toyosu-morning/,2026.4.19(日),東京都江東区,東京都
第3回東京豊洲リレーマラソン,https://sportsone.jp/running/srt/stocks/2026/srt20260419_137386.html,2026.4.19(日),東京都江東区,東京都
第78回UPRUN北千住荒川ハーフマラソン,https://up-run.jp/events/up-kitasenju78/,2026.4.19(日),東京都足立区,東京都
第227回UP RUN皇居マラソン,https://up-run.jp/events/up-koukyo227/,2026.4.19(日),東京都千代田区,東京都
第54回豊洲マンスリーマラソン,https://www.triathlonclub.jp/earth/events/event/%E8%B1%8A%E6%B4%B2%E3%83%9E%E3%83%B3%E3%82%B9%E3%83%AA%E3%83%BC%E3%83%9E%E3%83%A9%E3%82%BD%E3%83%B325-26/,2026.4.25(土),東京都江東区,東京都
第6回東京柴又マラソン,https://sportsone.jp/running/shibamata/,2026.4.25(土),東京都葛飾区,東京都
第109回 季節の荒川ハーフマラソン,https://sportswiz.jp/k_arakawa/index.html,2026.4.25(土),東京都江戸川区,東京都
第45回スポーツメイトラン府中多摩川風の道マラソン,https://up-run.jp/events/mate-futyu45/,2026.4.25(土),東京都府中市,東京都
第188回スポーツメイトラン皇居マラソン,https://up-run.jp/events/mate-koukyo188/,2026.4.25(土),東京都千代田区,東京都
THE CHALLENGE RACE 8 in 2026,https://race.rdc-run.com/,2026.4.26(日),東京都江東区,東京都
第228回UP RUN皇居マラソン,https://up-run.jp/events/up-koukyo228/,2026.4.26(日),東京都千代田区,東京都
第87回KITA!SENJU（北千住）マラソン,https://takashi.daa.jp/kita/,2026.4.26(日),東京都足立区,東京都
「春の」情熱ハーフマラソン2026,https://jounetsu-halfmarathon.net/,2026.4.29(水),東京都板橋区,東京都
第31回UP RUN東大島小松川公園マラソン～長距離特別ver～,https://up-run.jp/events/up-higashiooshimalong31/,2026.4.29(水),東京都江戸川区,東京都
第189回スポーツメイトラン皇居マラソン,https://up-run.jp/events/mate-koukyo189/,2026.4.29(水),東京都千代田区,東京都
第31回UPRUN赤羽荒川マラソン～全種目ver～,https://up-run.jp/events/up-akabanezensyumoku31/,2026.5.2(土),東京都北区,東京都
第110回 季節の荒川ハーフマラソン,https://sportswiz.jp/k_arakawa/index.html,2026.5.3(日),東京都江戸川区,東京都
第229回UP RUN皇居マラソン,https://up-run.jp/events/up-koukyo229/,2026.5.4(月),東京都千代田区,東京都
THE CHALLENGE RACE 9 in 2026,https://race.rdc-run.com/,2026.5.5(火),東京都江東区,東京都
第83回スポーツメイトラン東大島小松川公園ハーフマラソン～こどもの日特別ver～,https://up-run.jp/events/mate-higashiooshima83/,2026.5.5(火),東京都江戸川区,東京都
第230回UP RUN皇居マラソン,https://up-run.jp/events/up-koukyo230/,2026.5.6(水),東京都千代田区,東京都
東京都北区赤羽さつきマラソン2026,https://akabane-marathon.tokyo/satsuki/,2026.5.9(土),東京都北区,東京都
第55回豊洲マンスリーマラソン,https://www.sportsentry.ne.jp/event/t/102477,2026.5.9(土),東京都江東区,東京都
第4回東京BayAreaマラソン,https://sportsone.jp/running/srt/stocks/2026/srt20260509_137373.html,2026.5.9(土),東京都江東区,東京都
第53回スポーツメイトラン北千住荒川ハーフマラソン,https://up-run.jp/events/mate-kitasenju53/,2026.5.9(土),東京都足立区,東京都
企業対抗駅伝2026 東京大会,https://sportsone.jp/ed/2026/event_tokyo.html,2026.5.10(日),東京都江東区,東京都
第191回スポーツメイトラン皇居マラソン,https://up-run.jp/events/mate-koukyo191/,2026.5.10(日),東京都千代田区,東京都
第55回 豊洲ウィークデーマラソン,https://www.triathlonclub.jp/earth/events/event/%E8%B1%8A%E6%B4%B2%E3%82%A6%E3%82%A3%E3%83%BC%E3%82%AF%E3%83%87%E3%83%BC%E3%83%9E%E3%83%A9%E3%82%BD%E3%83%B325-26/,2026.5.13(水),東京都江東区,東京都
第95回板橋月例チャレンジ,http://takashi.daa.jp/takashi_c/index.html,2026.5.16(土),東京都板橋区,東京都
荒川ハーフマラソン2026(初夏),https://boost-inc.jp/arakawa_half/event/ev_20260516.html,2026.5.16(土),東京都葛飾区,東京都
第46回スポーツメイトラン府中多摩川風の道マラソン,https://up-run.jp/events/mate-futyu46/,2026.5.16(土),東京都府中市,東京都
第231回UP RUN皇居マラソン,https://up-run.jp/events/up-koukyo231/,2026.5.17(日),東京都千代田区,東京都
第85回スポーツメイトラン赤羽荒川ハーフマラソン,https://up-run.jp/events/mate-akabane85/,2026.5.17(日),東京都北区,東京都
第79回UPRUN北千住荒川ハーフマラソン,https://up-run.jp/events/up-kitasenju79/,2026.5.23(土),東京都足立区,東京都
第32回葛西臨海公園ナイトハーフマラソン,https://runnet.jp/entry/runtes/user/pc/competitionDetailAction.do?raceId=370275&div=1,2026.5.23(土),東京都江戸川区,東京都
第34回豊洲ぐるり公園マラソン,https://www.sportsentry.ne.jp/event/t/102545,2026.5.24(日),東京都江東区,東京都
第77回UPRUN府中多摩川風の道マラソン大会,https://up-run.jp/events/up-fuchuu77/,2026.5.24(日),東京都府中市,東京都
第192回スポーツメイトラン皇居マラソン,https://up-run.jp/events/mate-koukyo192/,2026.5.24(日),東京都千代田区,東京都
第95回赤羽トライアル,http://takashi.daa.jp/akabane_c/,2026.5.30(土),東京都北区,東京都
第193回スポーツメイトラン皇居マラソン,https://up-run.jp/events/mate-koukyo193/,2026.5.30(土),東京都千代田区,東京都
第88回KITA!SENJU（北千住）マラソン,https://runnet.jp/entry/runtes/user/pc/moshicomDetailAction.do?raceId=134542&div=1,2026.5.31(日),東京都足立区,東京都
第232回UP RUN皇居マラソン,https://up-run.jp/events/up-koukyo232/,2026.5.31(日),東京都千代田区,東京都
あだち荒川マラソン大会2026,https://www.shining-foundation.org/adachi-arakawa,2026.6.7(日),東京都足立区,東京都
第111回 季節の荒川ハーフマラソン,https://www.jp-guide.net/manner/sa/season.html,2026.6.7(日),東京都江戸川区,東京都
東京都北区赤羽マラソン - 21.097km／10.548km／5.274km／ハーフリレー -,https://akabane-marathon.tokyo/list_about/20260613,2026.6.13(土),東京都北区,東京都
第33回葛西臨海公園ナイトハーフマラソン,http://sportswiz.jp/kasaihalf/,2026.6.13(土),東京都江戸川区,東京都
Boostランニングフェスタ in 味の素スタジアム,https://boost-inc.jp/ajista/,2026.6.14(日),東京都調布市,東京都
第96回板橋月例チャレンジ,http://takashi.daa.jp/takashi_c/index.html,2026.6.20(土),東京都板橋区,東京都
マラソンフェスティバルin国営昭和記念公園 EARLY SUMMER 2026,https://www.shining-foundation.org/marathon-festival-earlysummer,2026.6.20(土),東京都立川市,東京都
翠夏巡嶺 - Hinohara Mountain Marathon 2026 -,https://carbuncletl.wixsite.com/hinohara50,2026.6.21(日),東京都檜原村,東京都
第96回赤羽トライアル,http://takashi.daa.jp/akabane_c/,2026.6.27(土),東京都北区,東京都
第89回KITA!SENJU（北千住）マラソン,https://takashi.daa.jp/kita/,2026.6.28(日),東京都足立区,東京都
第34回葛西臨海公園ナイトハーフマラソン,http://sportswiz.jp/kasaihalf/,2026.7.11(土),東京都江戸川区,東京都
第35回葛西臨海公園ナイトハーフマラソン,http://sportswiz.jp/kasaihalf/,2026.9.26(土),東京都江戸川区,東京都
井頭チャレンジマラソン2026,http://www.kamakurun.jp/tochigiken-getsurei,2026.3.7(土),栃木県真岡市,栃木県
井頭チャレンジマラソン2026,http://www.kamakurun.jp/tochigiken-getsurei,2026.3.8(日),栃木県真岡市,栃木県
芝ざくら公園芳那(はな)の水晶湖リレーマラソン,https://moshicom.com/138598,2026.3.15(日),栃木県市貝町,栃木県
アクトリー杯壬生町２時間リレーマラソン2026,http://www.kamakurun.jp/tochigiken-getsurei/miburelay,2026.3.22(日),栃木県壬生町,栃木県
第2回 那須ガーデンアウトレットリレーマラソン,https://www.instagram.com/nasu_outletrelay/,2026.3.29(日),栃木県那須塩原市,栃木県
とちぎチャレンジマラソン2026IN大松山運動公園陸上競技場,http://www.kamakurun.jp/tochigiken-getsurei,2026.3.29(日),栃木県下野市,栃木県
井頭チャレンジマラソン2026,http://www.kamakurun.jp/tochigiken-getsurei,2026.4.11(土),栃木県真岡市,栃木県
井頭チャレンジマラソン2026,http://www.kamakurun.jp/tochigiken-getsurei,2026.4.12(日),栃木県真岡市,栃木県
おやま春マラソン2026,https://www.oyama-springmarathon.com/,2026.4.12(日),栃木県小山市,栃木県
ミヤラン2026,http://www.miyarun.com/,2026.4.12(日),栃木県宇都宮市,栃木県
42.195kmリレーマラソン第13回ろまんちっく村大会,http://www.42195.jp/category8/,2026.4.19(日),栃木県宇都宮市,栃木県
なかがわ水遊園 2Hリレーマラソン2026,https://moshicom.com/139916,2026.4.19(日),栃木県大田原市,栃木県
第46回鹿沼さつきマラソン,https://www.city.kanuma.tochigi.jp/0289/info-0000009187-1.html,2026.5.10(日),栃木県鹿沼市,栃木県
井頭チャレンジマラソン2026,http://www.kamakurun.jp/tochigiken-getsurei,2026.5.16(土),栃木県真岡市,栃木県
井頭チャレンジマラソン2026,http://www.kamakurun.jp/tochigiken-getsurei,2026.5.17(日),栃木県真岡市,栃木県
NASU ファミリーリレーマラソン10K 2026,https://moshicom.com/139541/,2026.5.24(日),栃木県那須町,栃木県
塩原スパトレイル30K,https://moshicom.com/index.php/140736,2026.5.30(土),栃木県那須塩原市,栃木県
第49回塩原温泉湯けむりマラソン全国大会,https://www.siobara.or.jp/information/20251203/4465/,2026.5.31(日),栃木県那須塩原市,栃木県
井頭チャレンジマラソン2026,http://www.kamakurun.jp/tochigiken-getsurei,2026.6.13(土),栃木県真岡市,栃木県
井頭チャレンジマラソン2026,http://www.kamakurun.jp/tochigiken-getsurei,2026.6.14(日),栃木県真岡市,栃木県
NIKKO RUN 2026,https://www.nikko-run.com/,2026.6.14(日),栃木県日光市,栃木県
Shiobara UCHINOURA Trail 2026,https://stridelab.jp/nasu/,2026.7.5(日),栃木県那須塩原市,栃木県
第44回東村つつじマラソン,http://i-sam.co.jp/tutuji/,2026.3.8(日),沖縄県東村,沖縄県
第6回いとまん平和マラソン,https://itoman-heiwa.jp/,2026.3.15(日),沖縄県糸満市,沖縄県
第33回伊江島一周マラソン大会,https://www.iejima.org/document/2025120800024/,2026.4.11(土),沖縄県伊江村,沖縄県
【当面開催休止】やんばるトレイルラン in 国頭村,https://yanbarutrail.com/,2026.4.18(土),沖縄県国頭村,沖縄県
第48回 塩屋湾一周トリムマラソン大会,http://www.i-sam.co.jp/shioyawan_trim/,2026.4.19(日),沖縄県大宜味村,沖縄県
第6回 沖縄名護夕空絶景マラソン大会,https://jiowsa-marathon.com/%E7%AC%AC6%E5%9B%9E-%E6%B2%96%E7%B8%84%E5%90%8D%E8%AD%B7%E5%A4%95%E7%A9%BA%E7%B5%B6%E6%99%AF%E3%83%9E%E3%83%A9%E3%82%BD%E3%83%B3%E5%A4%A7%E4%BC%9A/,2026.4.19(日),沖縄県名護市,沖縄県
第13回 RUNNET EKIDEN 沖縄,https://runnet-ekiden.jp/okinawa/,2026.5.10(日),沖縄県豊見城市,沖縄県
第3回宮古島ウルトラ100マイル,https://teamultra-k.info/race/miyako100mile/,2026.6.6(土),沖縄県宮古島市,沖縄県
平和堂HATOスタジアム第3回e-radio42.195kmチャリティー・リレーマラソン,http://www.fieldbrain.com/RM/shiga/gaiyou.html,2026.3.7(土),滋賀県彦根市,滋賀県
びわ湖マラソン2026BIWAKO MARATHON 2026,https://biwako-marathon.com/,2026.3.8(日),滋賀県大津市,滋賀県
BIWAKO24,https://go-trail.net/pages/kamogawa%EF%BC%92%EF%BC%94%E6%99%82%E9%96%93%E8%B5%B0-kamogawa%EF%BC%91%EF%BC%90%EF%BC%90%E3%83%9E%E3%82%A4%E3%83%AB,2026.3.28(土),滋賀県大津市,滋賀県
第6回滋賀湖南市十二坊トレイルラン・ウォーク～修験導を駈ける～,https://12boutrail.com/,2026.4.19(日),滋賀県湖南市,滋賀県
第5回記念大会！LOVEびわ湖RUN！たまねぎリレーマラソンin希望が丘文化公園,https://info663681.wixsite.com/siga-relay-marathon,2026.4.25(土),滋賀県野洲市,滋賀県
12th 比叡山 International Trail Run 2026,https://www.mthiei.com/,2026.5.9(土),滋賀県大津市,滋賀県
第43回奥びわ湖健康マラソン,http://www.okusupo.com/marason.html,2026.5.17(日),滋賀県長浜市,滋賀県
希望が丘初夏のハーフクロカン&リレー2026,https://re-plus-ing.com/2026/e-summer-half-2/,2026.5.24(日),滋賀県野洲市,滋賀県
第11回 びわ湖バレイスカイラン バーティカル,https://www.biwakoskyrun.com/,2026.6.6(土),滋賀県大津市,滋賀県
第11回 びわ湖バレイスカイラン スカイレース,https://www.sportsentry.ne.jp/event/t/104094,2026.6.7(日),滋賀県大津市,滋賀県
第12回太陽生命びわ湖高島トレイルランレースinくつき～FAIRY TRAIL～,https://www.fairy-trail.com/,2026.6.13(土),滋賀県高島市,滋賀県
第12回 奥比叡・仰木棚田トレイルラン2026,https://www.actrep-sports.com/okuhiei-ogitanada-trailrun/,2026.7.12(日),滋賀県大津市,滋賀県
第7回 比良びわ湖ビュートレイルラン 2026,https://www.actrep-sports.com/hira-trailrun/,2026.10.3(土),滋賀県大津市,滋賀県
第54回天草パールラインマラソン大会,https://www.city.kamiamakusa.kumamoto.jp/q/list/343.html,2026.3.7(土),熊本県上天草市,熊本県
第77回金栗杯玉名ハーフマラソン大会,https://www.city.tamana.lg.jp/q/aview/1/34336.html,2026.3.8(日),熊本県玉名市,熊本県
2026芦北うたせマラソン大会,https://www.ashikitautase-marathon.jp/,2026.3.15(日),熊本県芦北町,熊本県
第14回 「清浦総理顕彰」あんずの丘マラソン大会,https://local-gain.com/anzunooka-marathon/,2026.3.20(金),熊本県山鹿市,熊本県
第55回 花より団子マラソン大会,https://local-gain.com/event/mizukamisakuramarathon/,2026.3.21(土),熊本県水上村,熊本県
2026きくち桜マラソン大会,https://local-gain.com/kikuchi-marathon/,2026.3.22(日),熊本県菊池市,熊本県
第5回 阿蘇トレイル女学院,https://local-gain.com/asotrail-girls-school/,2026.4.11(土),熊本県阿蘇市,熊本県
第42回関所健康マラソン大会,https://local-gain.com/event/sekisyo-marathon/,2026.4.29(水),熊本県南関町,熊本県
第4回阿蘇ボルケーノトレイル2026,https://aso-field-run.jp/volcano/,2026.5.9(土),熊本県阿蘇市,熊本県
第34回益城町「阿蘇くまもと空港・テクノ周辺」ジョギングフェア,https://www.town.mashiki.lg.jp/,2026.5.10(日),熊本県益城町,熊本県
第4回 熊本空港マラソン,https://local-gain.com/kumamoto-airport-marathon/,2026.5.30(土),熊本県益城町,熊本県
第9回 MIZUKAMI MOUNTAIN PARTY,https://mizukami-mountain.jp/,2026.6.6(土),熊本県水上町,熊本県
第5回LOVE熊本！走RUNね！たまねぎリレーマラソンin熊本県農業公園カントリーパーク,https://info663681.wixsite.com/kumamo-tamanegirun,2026.6.7(日),熊本県合志市,熊本県
第12回 南阿蘇カルデラトレイル,https://local-gain.com/minamiaso_trail/,2026.7.4(土),熊本県南阿蘇村,熊本県
【開催中止】能登和倉万葉の里マラソン2026,https://www.city.nanao.lg.jp/koryu-s/event/marason.html,2026.3.8(日),石川県七尾市,石川県
NewMeリレーマラソン in 金沢,https://www.newme.run/events/54b8d3f2-b108-4d5d-a357-1c50450203f6,2026.3.15(日),石川県金沢市,石川県
いいとこ白山あさがおマラソン2026,https://asagao-marathon.jp/,2026.3.20(金),石川県白山市,石川県
能登半島すずウルトラマラソン2026,https://my-site-580263.square.site/,2026.4.26(日),石川県珠洲市,石川県
第5回金沢エコマラソンwith STARTUS,https://www.ecomarathon.run/%E9%87%91%E6%B2%A2/,2026.5.10(日),石川県金沢市,石川県
トレイルランナーズカップ石川大倉岳2026,https://trailrunners.jp/20251024/,2026.5.17(日),石川県小松市,石川県
「利家とまつ」金沢城リレーマラソン2026～春の陣～,http://relay-marathon.com/,2026.5.31(日),石川県金沢市,石川県
能登復興！！第2回七尾城サムライラン,https://nanaojo-project.amebaownd.com/posts/58484047,2026.6.6(土),石川県七尾市,石川県
Kaga Spa Trail by UTMB,https://kagaspa.utmb.world/ja,2026.6.20(土),石川県加賀市,石川県
第8回ウィークデーマラソンinこどもの国,https://weekday-m.com/,2026.3.3(火),神奈川県横浜市,神奈川県
第122回 TAMAハーフマラソン,https://sportswiz.jp/tamahalf/,2026.3.7(土),神奈川県川崎市,神奈川県
第39回小田原尊徳マラソン大会,https://www.odawara-taikyo.or.jp/event445.html,2026.3.8(日),神奈川県小田原市,神奈川県
2026年川崎ハーフマラソン大会,http://www.tim.hi-ho.ne.jp/kanaspo/,2026.3.8(日),神奈川県川崎市,神奈川県
市制55周年記念第41回大山登山マラソン大会,http://oyama-tozan-marathon.jp/,2026.3.8(日),神奈川県伊勢原市,神奈川県
第83回UP RUN新横浜鶴見川マラソン,https://up-run.jp/events/up-shinyokohama83/,2026.3.8(日),神奈川県横浜市,神奈川県
リストグループ presents FMヨコハマ マラソン 2026,https://www.fmyokohama.co.jp/topics/11834,2026.3.14(土),神奈川県横浜市,神奈川県
相模原クロスカントリー大会2026,https://sagamihara-sport.or.jp/project/25604,2026.3.14(土),神奈川県相模原市,神奈川県
アミノバイタル presents 多摩川ハーフマラソン＆30k　2026（春）,https://boost-inc.jp/tama_half/event/ev_20260315.html,2026.3.15(日),神奈川県川崎市,神奈川県
第40回北下浦ふるさとマラソン大会,https://www.kitashitaurafurusatomarathon.com/,2026.3.15(日),神奈川県横須賀市,神奈川県
第55回スポーツメイトラン川崎多摩川マラソン,https://up-run.jp/events/mate-kawasaki55/,2026.3.15(日),神奈川県川崎市,神奈川県
第38回スポーツメイトラン二子新地多摩川ハーフマラソン,https://up-run.jp/events/mate-futakoshinchi38/,2026.3.20(金),神奈川県川崎市,神奈川県
ムサコ丸子橋リバーサイドマラソン,https://takashi.daa.jp/musako/,2026.3.21(土),神奈川県川崎市,神奈川県
第94回スポーツメイトラン新横浜鶴見川マラソン,https://up-run.jp/events/mate-shinyokohama94/,2026.3.21(土),神奈川県横浜市,神奈川県
第74回UPRUN川崎多摩川マラソン,https://up-run.jp/events/up-kawasaki74/,2026.3.22(日),神奈川県川崎市,神奈川県
第16回三浦半島縦断トレイルラン大会,http://www.npo-outdoor.com/,2026.3.28(土),神奈川県三浦市,神奈川県
二子玉川リレーマラソン2026,https://moshicom.com/138191,2026.3.28(土),神奈川県川崎市,神奈川県
2026湯河原温泉オレンジマラソン,https://www.town.yugawara.kanagawa.jp/site/orenzi/27368.html,2026.3.29(日),神奈川県湯河原町,神奈川県
THE CHALLENGE RACE YOKOHAMA 3 in 2026,https://yokohama-race.rdc-run.com/,2026.3.29(日),神奈川県横浜市,神奈川県
第6回 さがみ湖さくらラン in さがみ湖ＭＯＲＩ ＭＯＲＩ,https://www.sagamiko-resort.jp/sakurarun/index.html,2026.3.29(日),神奈川県相模原市,神奈川県
第2回 スマイル耐久リレーマラソンin 開成水辺公園,https://moshicom.com/140848,2026.3.29(日),神奈川県開成町,神奈川県
第123回 TAMAハーフマラソン,https://sportswiz.jp/tamahalf/,2026.4.4(土),神奈川県川崎市,神奈川県
第84回UP RUN新横浜鶴見川マラソン,https://up-run.jp/events/up-shinyokohama84/,2026.4.4(土),神奈川県横浜市,神奈川県
第24回 UPRUN二子新地ハーフマラソン大会,https://up-run.jp/events/up-hutakosinchi24/,2026.4.5(日),神奈川県川崎市,神奈川県
第6回 多摩川清流マラソン＆リレーマラソン　 チャリティ大会,https://gsrun.jp/tamagawa/,2026.4.11(土),神奈川県川崎市,神奈川県
二子玉エコマラソン2026ＳＰＲＩＮＧスペシャル,https://www.ecomarathon.run/%E4%BA%8C%E5%AD%90%E7%8E%89/,2026.4.12(日),神奈川県川崎市,神奈川県
ムサコ丸子橋リバーサイドマラソン,https://takashi.daa.jp/musako/,2026.4.18(土),神奈川県川崎市,神奈川県
第2回臨港パークあおぞら駅伝大会,https://aozorarun.com/lp/260419rp/,2026.4.19(日),神奈川県横浜市,神奈川県
第39回スポーツメイトラン二子新地多摩川ハーフマラソン,https://up-run.jp/events/mate-futakoshinchi39/,2026.4.19(日),神奈川県川崎市,神奈川県
THE CHALLENGE RACE YOKOHAMA 4 in 2026,https://yokohama-race.rdc-run.com/,2026.4.25(土),神奈川県横浜市,神奈川県
第75回UPRUN川崎多摩川マラソン,https://up-run.jp/events/up-kawasaki75/,2026.4.25(土),神奈川県川崎市,神奈川県
第30回東日本国際親善マラソン,https://www.runningkanagawa.com/,2026.4.26(日),神奈川県相模原市,神奈川県
第3回 つるみ川 みちくさしょぼしょぼフルマラソン,https://michikusa-ultra.com/event/3rd_tsurumi.html,2026.4.26(日),神奈川県横浜市,神奈川県
エンジョイリレーマラソン2026（春）@多摩川,https://boost-inc.jp/enjoy_relay/event/ev_20260426.html,2026.4.26(日),神奈川県川崎市,神奈川県
多摩川ハーフマラソン2026（春）,https://boost-inc.jp/tama_half/event/ev_20260426.html,2026.4.26(日),神奈川県川崎市,神奈川県
第95回スポーツメイトラン新横浜鶴見川マラソン,https://up-run.jp/events/mate-shinyokohama95/,2026.4.26(日),神奈川県横浜市,神奈川県
第6回 多摩川リレーマラソン,http://www.tim.hi-ho.ne.jp/kanaspo/,2026.4.29(水),神奈川県川崎市,神奈川県
第124回 TAMAハーフマラソン,https://sportswiz.jp/tamahalf/,2026.5.2(土),神奈川県川崎市,神奈川県
第1回スポーツメイトラン武蔵小杉多摩川マラソン,https://up-run.jp/events/mate-musashikosugi1/,2026.5.3(日),神奈川県川崎市,神奈川県
THE CHALLENGE RACE YOKOHAMA 5 in 2026,https://yokohama-race.rdc-run.com/,2026.5.6(水),神奈川県横浜市,神奈川県
第85回UP RUN新横浜鶴見川マラソン,https://up-run.jp/events/up-shinyokohama85/,2026.5.9(土),神奈川県横浜市,神奈川県
ムサコ丸子橋リバーサイドマラソン,https://takashi.daa.jp/musako/,2026.5.16(土),神奈川県川崎市,神奈川県
第76回UPRUN川崎多摩川マラソン,https://up-run.jp/events/up-kawasaki76/,2026.5.16(土),神奈川県川崎市,神奈川県
第40回スポーツメイトラン二子新地多摩川ハーフマラソン,https://up-run.jp/events/mate-futakoshinchi40/,2026.5.17(日),神奈川県川崎市,神奈川県
第18回チャリティーリレー for AFRICA,http://www.wrj.jp/event/relay,2026.5.17(日),神奈川県横浜市,神奈川県
LINK UP MARATHON 2025 in KANAGAWA -チャリティーラン-,https://linkup.yaaas.run/kanagawa/,2026.5.23(土),神奈川県川崎市,神奈川県
第10回 横須賀・三浦みちくさマラソン,https://michikusa-ultra.com/event/10th_yokosuka.html,2026.5.30(土),神奈川県三浦市,神奈川県
BOOSTランニングフェスタ in Uvanceとどろきスタジアム,https://boost-inc.jp/todoroki/,2026.5.30(土),神奈川県川崎市,神奈川県
第25回 UPRUN二子新地ハーフマラソン大会,https://up-run.jp/events/up-hutakosinchi25/,2026.5.30(土),神奈川県川崎市,神奈川県
第96回スポーツメイトラン新横浜鶴見川マラソン,https://up-run.jp/events/mate-shinyokohama96/,2026.5.31(日),神奈川県横浜市,神奈川県
第125回 TAMAハーフマラソン,https://sportswiz.jp/tamahalf/,2026.6.6(土),神奈川県川崎市,神奈川県
ムサコ丸子橋リバーサイドマラソン,https://takashi.daa.jp/musako/,2026.6.20(土),神奈川県川崎市,神奈川県
第18回横浜あおぞらリレーマラソンin赤レンガ,https://aozorarun.com/lp/260621ya/,2026.6.21(日),神奈川県横浜市,神奈川県
第30回 Over Night 60kmみちくさウルトラマラソン,https://michikusa-ultra.com/event/30th31st_overnight.html,2026.6.27(土),神奈川県横浜市,神奈川県
第126回 TAMAハーフマラソン,https://www.zhihu.com/question/302212609,2026.7.4(土),神奈川県川崎市,神奈川県
第31回 Over Night 60kmみちくさウルトラマラソン,https://michikusa-ultra.com/event/30th31st_overnight.html,2026.7.25(土),神奈川県横浜市,神奈川県
第127回 TAMAハーフマラソン,https://www.zhihu.com/question/302212609,2026.8.1(土),神奈川県川崎市,神奈川県
第128回 TAMAハーフマラソン,https://www.zhihu.com/question/302212609,2026.9.5(土),神奈川県川崎市,神奈川県
ふくい桜マラソン2026FUKUI SAKURA MARATHON 2026,https://www.fukui-sakura-marathon.jp/,2026.3.29(日),福井県福井市,福井県
第43回OBAMA若狭マラソン,https://www1.city.obama.fukui.jp/,2026.4.19(日),福井県小浜市,福井県
第38回美浜・五木ひろしマラソン,http://www.mihamaitsuki-marathon.jp/,2026.5.10(日),福井県美浜町,福井県
第48回鯖江つつじマラソン,https://sabaetsutsuji.jp/,2026.5.10(日),福井県鯖江市,福井県
第23回あわら市トリムマラソン,https://www.city.awara.lg.jp/mokuteki/education/education03/education0301/p015163.html,2026.5.17(日),福井県あわら市,福井県
第31回 鯖街道ウルトラマラソン大会,https://saba-ultra.com/,2026.5.17(日),福井県小浜市,福井県
第62回越前大野名水マラソン,https://www.city.ono.fukui.jp/kenko/sports/meisuimarason/62meisuientry.html,2026.5.24(日),福井県大野市,福井県
2026 東尋坊 愛のマラニック大会,https://yypark.com/tojinbo100km/,2026.6.6(土),福井県坂井市,福井県
第10回 坂井しおかぜクロカンマラソン in 芝政,http://shibamasa.com/kurokan/,2026.6.7(日),福井県坂井市,福井県
第22回勝山恐竜クロカンマラソン,https://www.city.katsuyama.fukui.jp/site/kurokan/,2026.6.14(日),福井県勝山市,福井県
DEEP ECHIZEN TRAIL 2026（ディープエチゼントレイル）,https://www.satoyamaworks.com/event/deep-echizen-trail/,2026.6.28(日),福井県大野市,福井県
第39回 FM FUKUOKA・海の中道はるかぜマラソン大会﻿,https://fmfukuoka.co.jp/harukaze/,2026.3.7(土),福岡県福岡市,福岡県
第6回 五ケ山・脊振クロストレイル,https://universal-field.com/event/gsct/,2026.3.7(土),福岡県那珂川市,福岡県
第6回 五ケ山・脊振クロストレイル,https://universal-field.com/event/gsct/,2026.3.8(日),福岡県那珂川市,福岡県
第48回福岡小郡ハーフマラソン大会,http://fukuoka-ogori-half.com/,2026.3.8(日),福岡県小郡市,福岡県
第40回 苅田町民ふれあいマラソン大会,https://kandachoumin-fureai-marathon.com/,2026.3.8(日),福岡県苅田町,福岡県
第33回 ちっごマラソン大会,https://www.city.chikugo.lg.jp/kanko/_6107/_30709/_29361.html,2026.3.8(日),福岡県筑後市,福岡県
Fukuoka Ohori Road Running,https://for2026.forlive.jp/,2026.3.14(土),福岡県福岡市,福岡県
第12回 柳川おもてなし健康マラソン大会,https://www.city.yanagawa.fukuoka.jp/kosodate/sports/5892.html,2026.3.15(日),福岡県柳川市,福岡県
第50回記念ファイナル　第18回築上町アグリロードレース大会,https://sites.google.com/view/chikujo-riku,2026.3.15(日),福岡県築上町,福岡県
平尾台クロスカントリー2026,https://www.city.kitakyushu.lg.jp/kokuraminami/w3200181.html,2026.3.15(日),福岡県北九州市,福岡県
第70回筑紫野市駅伝大会,https://www.city.chikushino.fukuoka.jp/soshiki/37/40566.html,2026.3.15(日),福岡県筑紫野市,福岡県
第3回よかまち糸島リレーマラソンフェスティバル2026,https://www.instagram.com/p/DRvaqhjkktf/,2026.3.15(日),福岡県糸島市,福岡県
第20回みやこ町さわやかマラソン大会・第68回京都郡ロードレース大会,https://www.town.miyako.lg.jp/syougaigakusyuu/event/marason20.html,2026.3.29(日),福岡県みやこ町,福岡県
第32回 宗像ユリックス24時間EKIDEN,https://yurix.munakata.com/health/ekiden-24.html,2026.4.18(土),福岡県宗像市,福岡県
第35回 大野城いこいの森ロードレース,https://www.onojo-sports.or.jp/ikoi-road2026/,2026.4.19(日),福岡県大野城市,福岡県
北九州・平尾台トレイルランニングレース2026,http://hiraodai-trail.com/,2026.4.19(日),福岡県北九州市,福岡県
3時間リレーラン2026 in 北九州,https://kitakyusyu-relay.runlab.online/,2026.5.9(土),福岡県北九州市,福岡県
第15回さくら薬局 みずほPayPayドームリレーマラソン2026,https://relaymarathon.jp/,2026.5.16(土),福岡県福岡市,福岡県
第7回福岡タイムトライアル,https://ameblo.jp/fighttarou/entry-12957687366.html,2026.5.16(土),福岡県大野城市,福岡県
LOVE恋ぼたるRUN！たまねぎリレーマラソン2026 in 筑後広域公園,https://info663681.wixsite.com/fukuoka-tamanegi-run/festival,2026.6.14(日),福岡県筑後市,福岡県
第2回 福岡海の中道あおぞらマラソン,https://aozorarun.com/lp/260628fun/,2026.6.28(日),福岡県福岡市,福岡県
第11回たむらクロスカントリー大会,https://www.city.tamura.lg.jp/soshiki/30/tamura-kurokan-enntori-_1_1_2_1.html,2026.3.15(日),福島県田村市,福島県
第44回霞ケ城クロスカントリー,https://kasumi-kurokan.jimdo.com/,2026.3.22(日),福島県二本松市,福島県
第64回 伊達ももの里マラソン,https://www.datemomo.jp/,2026.4.12(日),福島県伊達市,福島県
第20回もとみやロードレース大会,https://motomiya-roadrace.jp/,2026.4.19(日),福島県本宮市,福島県
第33郡山シティーマラソン大会,https://koriyama-marathon.jp/,2026.4.29(水),福島県郡山市,福島県
第11回郡山あおぞらマラソン,https://aozorarun.com/lp/260510fk/,2026.5.10(日),福島県郡山市,福島県
ふくしまシティハーフマラソン2026,https://www.fukushimahalf.jp/,2026.5.17(日),福島県福島市,福島県
第14回 信夫山パークランニングレース2026,https://www.facebook.com/shinobuyamaprr/,2026.6.7(日),福島県福島市,福島県
第5回会津磐梯山ウルトラマラソン,https://www.outdoorsportsjapan.com/aizu_ultra/,2026.6.14(日),福島県苗代町磐梯町北塩原村,福島県
第60回由利本荘市クロスカントリーレース,https://www.city.yurihonjo.lg.jp/1001503/1002090/1011036.html,2026.3.22(日),秋田県由利本荘市,秋田県
第74回山田敬藏記念ロードレース大会,https://yamadaroadrace.amebaownd.com/,2026.4.26(日),秋田県大館市,秋田県
第3回 だいせん田園ハーフマラソン,https://daisenotahalfmarathon.com/,2026.6.21(日),秋田県大仙市,秋田県
TAKASAKI CITY  第35回はるな梅マラソン,https://www.city.takasaki.gunma.jp/page/76334.html,2026.3.8(日),群馬県高崎市,群馬県
たまむラン＆超人フェス2026,https://moshicom.com/139224/,2026.4.4(土),群馬県玉村町,群馬県
嬬恋スカイラン（SKY SNOW）,https://www.tsumagoiskyrun.com/skysnow,2026.4.4(土),群馬県嬬恋村,群馬県
嬬恋スカイラン（SKY SNOW）,https://www.tsumagoiskyrun.com/skysnow,2026.4.5(日),群馬県嬬恋村,群馬県
第43回甘楽町さくらマラソン,https://www.town.kanra.lg.jp/kyouiku/taiiku/news/sakura2026.html,2026.4.12(日),群馬県甘楽町,群馬県
第52回安政遠足侍マラソン大会,http://ansei-toashi.jp/,2026.5.10(日),群馬県安中市,群馬県
2026上州八王子丘陵ファントレイル in OTA,https://www.shinkonet.com/h-fantrail/index.html,2026.5.24(日),群馬県太田市,群馬県
第18回嬬恋高原キャベツマラソン,http://www.cabbage-marathon.jp/,2026.7.5(日),群馬県嬬恋村,群馬県
嬬恋スカイラン（SKYRUN）バーティカル,https://www.tsumagoiskyrun.com/skyepic,2026.8.15(土),群馬県嬬恋村,群馬県
嬬恋スカイラン（SKYRUN）スカイ,https://www.tsumagoiskyrun.com/skyepic,2026.8.16(日),群馬県嬬恋村,群馬県
第12回上州武尊山スカイビュートレイル,https://skyviewtrail.com/,2026.9.12(土),群馬県川場村,群馬県
第59回奥久慈湯の里大子マラソン大会,https://www.town.daigo.ibaraki.jp/page/dir003794.html,2026.3.8(日),茨城県大子町,茨城県
第21回桜川市さくらマラソン大会,https://www.city.sakuragawa.lg.jp/kankou_bunka_sports/news_bunka/page009944.html,2026.3.8(日),茨城県桜川市,茨城県
第8回茨城100kウルトラマラソンin鹿行（ROKKO）,https://ibaraki100k.teamsportsjapan.jp/,2026.3.8(日),茨城県行方市,茨城県
千波湖チャレンジマラソン2026春分,https://www.city.mito.lg.jp/site/senbako/,2026.3.15(日),茨城県水戸市,茨城県
第26回日立さくらロードレース,http://hitachi-sakura.jp/,2026.4.5(日),茨城県日立市,茨城県
,https://www.runnersbible.info/DB/08/0820080401.html,2026.4.19(日),茨城県土浦市,茨城県
果物と自然の里第19回いしおかトレイルラン大会,https://ishiokatrailrun.teamsportsjapan.jp/,2026.4.26(日),茨城県石岡市,茨城県
第8回加波山登山競争,https://www.facebook.com/profile.php?id=100057593673563,2026.5.5(火),茨城県桜川市,茨城県
千波湖チャレンジマラソン2026春,http://www.kamakurun.jp/tochigiken-getsurei,2026.5.24(日),茨城県水戸市,茨城県
第10回ひぬま夏海マラソン,https://www.yume-town.com/01-00-00.html,2026.6.7(日),茨城県大洗町,茨城県
第9回茨城メロンメロンラン水戸偕楽園,https://melonmelon-run.jp/,2026.6.14(日),茨城県水戸市,茨城県
2026ジョギングフェスティバル in さざ,https://www.marathoninfo.net/saza/,2026.3.8(日),長崎県佐々町,長崎県
陶芸の里めぐりウルトラジョグトリップ since 2013,http://www.jogtrip.org/trip/index.php/view/340,2026.3.8(日),長崎県波佐見町,長崎県
第45回やきものの里波佐見ロードレース大会,https://www.town.hasami.lg.jp/kiji0031429/index.html,2026.3.20(金),長崎県波佐見町,長崎県
馬場グループpresents Spinning! 第9回5時間リレーマラソン,http://www.nbc-nagasaki.co.jp/run/,2026.3.20(金),長崎県諫早市,長崎県
第11回 多良の森トレイルランニング,https://universal-field.com/event/tara-forest-trail/,2026.4.5(日),長崎県大村市,長崎県
橘湾岸スーパーマラニック273 2026 春の野母崎・諫早ステージ大会,https://www.tachibanawangan.net/,2026.5.4(月),長崎県長崎市,長崎県
平戸まぁ100ウルトラジョグトリップ since2026,http://www.jogtrip.org/trip/index.php/view/1693,2026.5.10(日),長崎県平戸市,長崎県
春の松本ランニングフェスティバル2026 in 信州スカイパーク,https://harurun-skypark.jp/,2026.3.14(土),長野県松本市,長野県
平尾富士トレイルランニングレース,http://www.nature-scene.net/hiraofuji/,2026.4.11(土),長野県佐久市,長野県
白馬ハーフマラソン,https://hakubahalf.com/ja/,2026.4.18(土),長野県白馬村,長野県
第28回長野マラソン28th Nagano Marathon,https://www.naganomarathon.gr.jp/,2026.4.19(日),長野県長野市,長野県
軽井沢トレイルランニングレースKaruizawa Trail Running Race,http://www.nature-scene.net/karuizawa/,2026.4.25(土),長野県軽井沢町,長野県
いいづなトレイルランニングレース,https://okushinano100.com/iizuna/,2026.5.2(土),長野県飯綱町,長野県
2026 UEDA VERTICAL RACE ～第12回 太郎山登山競走～,https://www.uedavertical.com/,2026.5.3(日),長野県上田市,長野県
2026 UEDA VERTICAL RACE ～第12回 太郎山登山競走～,https://www.uedavertical.com/,2026.5.4(月),長野県上田市,長野県
善光寺ラウンドトレイル,http://www.nature-scene.net/zenkoji/,2026.5.9(土),長野県長野市,長野県
第2回八ヶ岳ズームラインマラソン,https://www.zoomlinemarathon.com/,2026.5.16(土),長野県原村,長野県
第32回星の郷八ヶ岳野辺山高原 100kmウルトラマラソン,https://www.r-wellness.com/nobeyama/,2026.5.17(日),長野県南牧村,長野県
軽井沢ハーフマラソン2026,https://karuizawa-marathon.com/,2026.5.17(日),長野県軽井沢町,長野県
たかやしろトレイルランニングレース バーティカルキロメーター®︎,https://kosha.jp/,2026.5.23(土),長野県木島平村,長野県
たかやしろトレイルランニングレース たかやしろトレイル,https://kosha.jp/,2026.5.24(日),長野県木島平村,長野県
第19回スカイライントレイル菅平 アンダーアーマーカップ,https://www.sugadaira-trail.com/,2026.5.24(日),長野県上田市,長野県
第6回 SUWA LAKE 100k ウルトラマラソン ＆ ウォーキング2026,https://gsrun.jp/ultra_suwako/,2026.5.30(土),長野県諏訪市,長野県
中央アルプス経ヶ岳ラウンドトレイル,http://www.nature-scene.net/kyogatake/,2026.5.30(土),長野県南箕輪村,長野県
奥信濃100OKUSHINANO100,https://okushinano100.com/,2026.6.6(土),長野県木島平村,長野県
第12回 信州安曇野ハーフマラソン,https://azumino-marathon.com/,2026.6.7(日),長野県安曇野市,長野県
第44回南木曽町・妻籠健康マラソン,https://nagiso.jp/topics/tsumago-health-marathon/,2026.6.7(日),長野県南木曽町,長野県
松本 Castle to Summit 2026,https://navigation-for-all.jp/c-to-s/c-to-s_2026/,2026.6.7(日),長野県松本市,長野県
第22回富士見高原全国八ヶ岳クロスカントリー,https://fhcrosscountry.com/,2026.6.7(日),長野県富士見町,長野県
戸隠マウンテントレイル,http://www.nature-scene.net/tmt/,2026.6.13(土),長野県長野市,長野県
中央アルプススカイラインジャパン2026,https://www.centralalps-kmpn.com/,2026.7.4(土),長野県駒ヶ根市,長野県
第39回やぶはら高原はくさいマラソン大会,http://yabuhara-half.jp/,2026.7.5(日),長野県木祖村,長野県
第23回小布施見にマラソン,https://www.obusemarathon.jp/,2026.7.12(日),長野県小布施町,長野県
OSJ ONTAKE100,https://www.outdoorsportsjapan.com/trail/ontake100/,2026.7.18(土),長野県王滝村,長野県
S-Mountain The 4100D マウンテントレイルin野沢温泉2026,http://s-mountain.com/nozawa/,2026.7.19(日),長野県野沢温泉村,長野県
本州縦断・青森～下関1550kmフットレース2025,http://sportsaid-japan.org/,2026.4.1(水),青森県青森市,青森県
2026 マエダ桜まつり健康マラソン大会,https://aomori-sportspark.jp/event/independent/event_sakura_marathon_2026/,2026.4.18(土),青森県青森市,青森県
2026あおもり桜マラソン,https://aomori-sakuramarathon.com/,2026.4.19(日),青森県青森市,青森県
第49回三戸桜まつりマラソン大会,https://www.town.sannohe.aomori.jp/soshiki/kyouikuiinkaijimukyoku/matsuri_ibento/1488.html,2026.5.3(日),青森県三戸町,青森県
笑って走れば福来たる駅伝2026 in 青森（第4回笑福駅伝）,https://fukushi.run/,2026.5.3(日),青森県板柳町,青森県
第36回夜越山クロスカントリー大会,https://www.town.hiranai.aomori.jp/soshiki/shogai/1/1/694.html,2026.5.3(日),青森県平内町,青森県
第45回八戸うみねこマラソン全国大会,https://www.umineko-marathon.com/,2026.5.17(日),青森県八戸市,青森県
第36回よこはま菜の花マラソン,http://www.lap.co.jp/nanohana2026/,2026.5.17(日),青森県横浜町,青森県
第5回 弘前24時間走選手権,https://www.sportsentry.ne.jp/event/t/103622,2026.5.23(土),青森県弘前市,青森県
名久井岳アドベンチャートレイルレース,https://www.facebook.com/nakuidaketrail/,2026.5.31(日),青森県南部町,青森県
第41回おいらせ町いちょうマラソン大会,https://www.town.oirase.aomori.jp/soshiki/2220/41th-oirase-ichomarathon.html,2026.6.14(日),青森県おいらせ町,青森県
第11回弘前城リレーマラソン,http://relay.sponet-h.com/,2026.6.14(日),青森県弘前市,青森県
第10回みちのく津軽ジャーニーラン 262K／177K／85k,https://www.michinokubank.co.jp/redirectcontents/merger/michinokubank/index.html,2026.7.18(土),青森県弘前市,青森県
静岡マラソン2026Shizuoka Marathon 2026,http://www.shizuoka-marathon.com/,2026.3.8(日),静岡県静岡市,静岡県
第4回LOVE浜名湖RUN！たまねぎリレーマラソン2026in浜名湖ガーデンパーク,https://info663681.wixsite.com/hamanako-tamanegirun/,2026.3.15(日),静岡県浜松市,静岡県
第2回 伊豆いちグレートレース,https://www.facebook.com/groups/781336804051115/,2026.3.20(金),静岡県沼津市,静岡県
第43回川根桜まつり走ろう会,https://www.city.shimada.shizuoka.jp/kanko-docs/875469198.html,2026.3.22(日),静岡県島田市,静岡県
第49回天竜区秋葉ダムさくらマラソン,https://www.city.hamamatsu.shizuoka.jp/ty-kyodo/20250329-49sakuramarason.html,2026.3.29(日),静岡県浜松市,静岡県
第41回焼津みなとマラソン,https://yaizuminato-marathon.jp/,2026.4.5(日),静岡県焼津市,静岡県
第18回南熱海夕空絶景マラソン大会,https://openwater.jp/2026raceplan/,2026.5.16(土),静岡県熱海市,静岡県
ROUND GIRLS 100 ～in Fujiyama Power-line Trail～,https://www.rh-track.com/roundgirls100/,2026.5.22(金),静岡県富士市,静岡県
ユーラスエナジー河津カップ2026 天城アタック35,https://www.amagiattack.com/,2026.5.24(日),静岡県河津町,静岡県
第4回富士山須走五合目競走,https://fujisansubashiri.jrestart.jp/,2026.6.7(日),静岡県小山町,静岡県
第9回 伊豆稲取キンメマラソン2026,https://kinme-marathon.jp/,2026.6.14(日),静岡県東伊豆町,静岡県
トレイルランナーズカップ静岡2026,https://trailrunners.jp/event/shizuoka-2026/,2026.8.2(日),静岡県富士市,静岡県
かがわマラソン2026,https://kagawa-marathon.com/,2026.3.15(日),香川県高松市,香川県
ウルトラうどんマラニック2026,https://runningdrunkers.com/udon/,2026.4.4(土),香川県高松市,香川県
2026第49回小豆島オリーブマラソン全国大会,https://www.town.shodoshima.lg.jp/kanko/news/syoudosimaoribumarasonzenkokutaikai/index.html,2026.5.17(日),香川県小豆島町,香川県
蔦島トレイルランニングレース2026,https://runningdrunkers.com/tsutajimasan/,2026.6.7(日),香川県三豊市,香川県
第18回四万十川桜マラソン,https://shimantoriver-sakuramarathon.jp/,2026.3.29(日),高知県四万十町,高知県
第9回室戸阿南海岸国定公園ウルトラマラソン大会,https://www.muroto-anan.com/,2026.4.26(日),高知県室戸市,高知県
第41回高知大方シーサイドはだしマラソン全国大会,https://www.town.kuroshio.lg.jp/pb/cont/kyouiku-syogai/7559,2026.5.3(日),高知県黒潮町,高知県
第11回宿毛マラソン,https://sukumo-marathon.jp/,2026.5.10(日),高知県宿毛市,高知県
鳥取マラソン2026,https://tottori-marathon.jp/,2026.3.15(日),鳥取県鳥取市,鳥取県
第48回日吉津村チューリップマラソン大会,https://www.hiezu.jp/tyumara/,2026.4.12(日),鳥取県日吉津村,鳥取県
第41回浦富海岸健康マラソン,https://www.iwami.gr.jp/item/14031.htm,2026.5.10(日),鳥取県岩美町,鳥取県
大山町名和マラソンフェスタ2026,https://www.daisen.jp/1/10/8/a110/,2026.5.17(日),鳥取県大山町,鳥取県
第39回もちがせ流しびなマラニック大会,https://www.city.tottori.lg.jp/www/contents/1702251958271/index.html,2026.5.17(日),鳥取県鳥取市,鳥取県
第47回中国山地日野鵜の池マラソン大会,https://www.town.hino.tottori.jp/item/41231.htm,2026.6.7(日),鳥取県日野町,鳥取県
第39回北栄町すいか・ながいも健康マラソン,https://www.e-hokuei.net/soshiki/suika-nagaimo/,2026.6.14(日),鳥取県北栄町,鳥取県
第42回花の島沖えらぶジョギング大会,http://okinoerabu-jogging.jp/,2026.3.8(日),鹿児島県和泊町,鹿児島県
第25回川内川河口マラソン・ウォーキング大会,https://universal-field.com/event/sendaigawa-kakou/,2026.3.8(日),鹿児島県薩摩川内市,鹿児島県
第13回マリンポートかごしまミニマラソン,https://www.smilelink-co.com/マリンポートかごしまミニマラソン/,2026.3.29(日),鹿児島県鹿児島市,鹿児島県
第41回くしら桜まつりジョギング,https://class-match.net/kushira/,2026.4.5(日),鹿児島県鹿屋市串良町,鹿児島県
｢祝 日本ジオパーク認定｣第12回東経130度喜界島ジオパークマラソン,https://www.town.kikai.lg.jp/kankou/ibento/12marathon.html,2026.4.12(日),鹿児島県喜界町,鹿児島県
RunRunトレイルかごしまinグリーンファーム2026,https://universal-field.com/event/runrun-trail-gf/,2026.4.19(日),鹿児島県鹿児島市,鹿児島県
第38回新茶・大野岳マラソンinえい,https://www.city.minamikyushu.lg.jp/soshikikarasagasu/hokentaiikuka/sportssuishin/6253.html,2026.4.29(水),鹿児島県南九州市,鹿児島県
第14回マリンポートかごしまミニマラソン,https://www.smilelink-co.com/マリンポートかごしまミニマラソン/,2026.4.29(水),鹿児島県鹿児島市,鹿児島県
第15回マリンポートかごしまミニマラソン,https://www.smilelink-co.com/マリンポートかごしまミニマラソン/,2026.5.24(日),鹿児島県鹿児島市,鹿児島県
